country,year,share_interested,gdp_per_capita,population_estimate,days_to_start,time_category
Congo,2012,,5504.18505859375,4713260,158.5,Very slow
East Timor,2010,,2931.431640625,1088492,110,Very slow
Equatorial Guinea,2010,,34732.21875,1094538,155,Very slow
Equatorial Guinea,2011,,35377.73828125,1144590,150,Very slow
Equatorial Guinea,2012,,36671.359375,1193641,150,Very slow
Equatorial Guinea,2013,,33678.73828125,1243947,150,Very slow
Equatorial Guinea,2014,,32436.552734375,1295193,150,Very slow
Equatorial Guinea,2015,,28313.43359375,1346974,150,Very slow
Equatorial Guinea,2016,,24827.03125,1398940,149,Very slow
Guinea-Bissau,2010,,1747.23742675781,1567226,216.5,Very slow
Haiti,2010,,2900.90966796875,9842883,134,Very slow
Haiti,2011,,3003.22387695313,9954318,134,Very slow
Haiti,2012,,2973.96899414063,10108541,134,Very slow
Laos,2016,,6896.12744140625,6891366,174,Very slow
Laos,2017,,7257.81201171875,6997925,174,Very slow
Laos,2018,,7592.82958984375,7105008,174,Very slow
Laos,2019,,7886.65283203125,7212058,173,Very slow
Sao Tome and Principe,2010,,3357.47021484375,182154,147,Very slow
Suriname,2013,13.14,20379.87109375,563952,204,Very slow
Suriname,2010,,18840.369140625,546085,690,Very slow
Suriname,2011,,19716.931640625,552154,690,Very slow
Suriname,2012,,20020.314453125,558111,690,Very slow
Angola,2010,54.55,7692.43408203125,23364196,66,Slow
Angola,2012,69.61,8036.6923828125,25188298,66,Slow
Angola,2013,38.25,8140.52587890625,26147012,66,Slow
Angola,2014,39.34,8239.8310546875,27128340,66,Slow
Angola,2011,,7675.4462890625,24259120,66,Slow
Bosnia and Herzegovina,2011,17.17,11176.880859375,3743143,85,Slow
Bosnia and Herzegovina,2012,21.94,11257.83984375,3674376,82,Slow
Bosnia and Herzegovina,2013,21.76,11725.255859375,3617564,82,Slow
Bosnia and Herzegovina,2014,20.43,12066.591796875,3571070,82,Slow
Bosnia and Herzegovina,2017,4.55,13753.837890625,3440025,80,Slow
Bosnia and Herzegovina,2015,,12630.6669921875,3524328,82,Slow
Bosnia and Herzegovina,2016,,13194.3310546875,3480985,80,Slow
Bosnia and Herzegovina,2018,,14386.7373046875,3400132,80,Slow
Bosnia and Herzegovina,2019,,14896.7958984375,3360718,80,Slow
Botswana,2010,,13126.21484375,2091666,59,Slow
Brazil,2013,27.2,15805.22265625,201721776,86.5999984741211,Slow
Brazil,2014,24.5,15749.51171875,203459648,83.5999984741211,Slow
Brazil,2015,24.37,15064.17578125,205188208,86,Slow
Brazil,2016,27.67,14451.1533203125,206859584,82.5,Slow
Brazil,2017,15.25,14524.61328125,208504960,82.5,Slow
Cambodia,2015,,3541.37670898438,15417527,87,Slow
Chad,2010,,1732.69152832031,11894734,62,Slow
Chad,2011,,1676.76940917969,12317729,53,Slow
Chad,2012,,1765.19494628906,12754912,60,Slow
Chad,2013,,1804.32250976563,13216769,60,Slow
Chad,2014,,1866.26611328125,13697128,60,Slow
Chad,2015,,1857.10791015625,14140277,60,Slow
Chad,2016,,1687.05358886719,14592587,60,Slow
Chad,2017,,1587.03234863281,15085893,60,Slow
Chad,2018,,1576.32116699219,15604213,58,Slow
Chad,2019,,1579.62609863281,16126868,58,Slow
Congo,2013,,5331.904296875,4828073,98.5,Slow
Congo,2014,,5552.8447265625,4944865,50.5,Slow
Congo,2015,,5224.30224609375,5064390,50.5,Slow
Congo,2016,,4544.07568359375,5186830,50.5,Slow
Costa Rica,2010,13.2,16830.435546875,4622250,73.5,Slow
Costa Rica,2012,33.35,17994.537109375,4736593,57.5,Slow
Costa Rica,2011,,17360.201171875,4679927,73.5,Slow
Democratic Republic of Congo,2010,,865.684020996094,66391260,84.5,Slow
Democratic Republic of Congo,2011,,894.826538085938,68654272,65.5,Slow
Democratic Republic of Congo,2012,,926.787841796875,70997872,58.5,Slow
East Timor,2011,,3051.23608398438,1112985,94,Slow
East Timor,2012,,3143.27783203125,1137683,94,Slow
East Timor,2013,,3182.73608398438,1161558,94,Slow
Ecuador,2010,46.31,10340.970703125,14989581,56,Slow
Ecuador,2012,51.04,11431.3759765625,15483884,55.5,Slow
Ecuador,2013,39.91,11818.5869140625,15722988,55.5,Slow
Ecuador,2014,43.1,12078.474609375,15957995,55.5,Slow
Ecuador,2015,46.32,11896.375,16195904,50.5,Slow
Ecuador,2011,,10984.2841796875,15237734,55.5,Slow
Eritrea,2011,,,3207574,84,Slow
Eritrea,2012,,,3252600,84,Slow
Eritrea,2013,,,3296370,84,Slow
Iran,2011,29.95,14005.3134765625,76342968,64.5,Slow
Iran,2012,22.78,12807.39453125,77324448,73.5,Slow
Iran,2013,30.62,12625.087890625,78458928,73.5,Slow
Iran,2014,25.48,13038.5546875,79961672,72.5,Slow
Iran,2015,34.96,12698.109375,81790848,72.5,Slow
Iran,2016,45.32,14205.2119140625,83306232,72.5,Slow
Iran,2017,38.76,14535.8740234375,84505080,72.5,Slow
Iran,2018,,13471.8603515625,85617560,72.5,Slow
Iran,2019,,12389.2236328125,86564208,72.5,Slow
Kosovo,2010,,7627.8916015625,1792559,58,Slow
Kosovo,2011,,8040.59375,1799340,58,Slow
Kosovo,2012,,8105.375,1811418,51,Slow
Kuwait,2016,,54708.98046875,4048090,61.4000015258789,Slow
Laos,2010,,4850.17529296875,6323425,86,Slow
Laos,2011,,5158.83544921875,6416331,78,Slow
Laos,2012,,5489.0400390625,6508806,88,Slow
Laos,2013,,5841.8818359375,6600736,88,Slow
Bangladesh,2014,,3511.6455078125,155961312,19.5,none
Bangladesh,2015,,3700.11083984375,157830000,19.5,none
Bangladesh,2016,,3920.14453125,159784576,19.5,none
Bangladesh,2017,,4160.703125,161793968,19.5,none
Bangladesh,2018,,4440.85595703125,163683952,19.5,none
Bangladesh,2019,,4753.72705078125,165516224,19.5,none
Laos,2014,,6193.34033203125,6691467,88,Slow
Latin America and Caribbean,2010,,14853.96875,,58.4000015258789,Slow
Latin America and Caribbean,2011,,15361.0654296875,,53.9516143798828,Slow
Latin America and Caribbean,2012,,15595.4580078125,,53.4354820251465,Slow
Myanmar,2012,,3113.00512695313,50218196,77,Slow
Myanmar,2013,,3330.46923828125,50648336,77,Slow
Myanmar,2014,,3574.03149414063,51072436,77,Slow
Namibia,2012,45.07,9626.5390625,2167474,66,Slow
Namibia,2013,52.39,9990.74609375,2204517,66,Slow
Namibia,2010,,9031.16015625,2099275,66,Slow
Namibia,2011,,9324.529296875,2132343,66,Slow
Namibia,2014,,10413.314453125,2243008,66,Slow
Namibia,2015,,10662.830078125,2282709,66,Slow
Namibia,2016,,10471.279296875,2323351,66,Slow
Namibia,2017,,10171.421875,2364540,54,Slow
Namibia,2018,,10087.45703125,2405682,54,Slow
Namibia,2019,,9812.6083984375,2446648,54,Slow
Palestine,2010,28.25,5411.06640625,3992283,63.5,Slow
Palestine,2011,,5782.689453125,4087747,62.5,Slow
Papua New Guinea,2010,,3406.64404296875,7583269,52,Slow
Papua New Guinea,2011,,3369.84448242188,7806637,52,Slow
Papua New Guinea,2012,,3453.38720703125,8026548,52,Slow
Papua New Guinea,2013,,3513.02319335938,8245634,53,Slow
Papua New Guinea,2014,,3909.33862304688,8464159,53,Slow
Papua New Guinea,2015,,4083.75244140625,8682172,53,Slow
Solomon Islands,2010,,2439.8623046875,540402,55,Slow
Somalia,2015,,1026.03820800781,13763909,70,Slow
Somalia,2016,,1081.76391601563,14292848,70,Slow
Somalia,2017,,1079.11242675781,14864224,70,Slow
Somalia,2018,,1129.53149414063,15411101,70,Slow
Somalia,2019,,1186.45092773438,15981312,70,Slow
Spain,2010,5.82,37319.4765625,46572776,52,Slow
Suriname,2014,4.55,20210.99609375,569687,84,Slow
Suriname,2015,,19317.0546875,575478,84,Slow
Suriname,2016,,18180.603515625,581462,66,Slow
Suriname,2017,,18283.6875,587566,66,Slow
Suriname,2018,,19005.654296875,593729,66,Slow
Suriname,2019,,19036.744140625,600305,66,Slow
Togo,2010,,1625.54541015625,6571862,84,Slow
Togo,2011,,1683.85632324219,6748675,84,Slow
Uruguay,2010,31.85,19293.740234375,3352653,64,Slow
Zimbabwe,2010,,2849.07934570313,12839774,87,Slow
Zimbabwe,2011,,3203.87060546875,13025789,87,Slow
Zimbabwe,2012,,3674.87426757813,13265331,87,Slow
Zimbabwe,2013,,3681.947265625,13555420,91,Slow
Zimbabwe,2014,,3703.89721679688,13855758,91,Slow
Zimbabwe,2015,,3707.62255859375,14154937,91,Slow
Zimbabwe,2016,,3678.21704101563,14452705,91,Slow
Zimbabwe,2017,,3795.64233398438,14751101,61,Slow
Algeria,2014,,11512.6904296875,38760168,20,Fast
Bolivia,2010,49.27,6612.80322265625,10223277,49,Fast
Bolivia,2014,46.94,7730.63818359375,10916991,49,Fast
Bolivia,2011,,6844.98388671875,10396249,49,Fast
Bolivia,2012,,7081.38623046875,10569697,49,Fast
Bolivia,2013,,7444.49072265625,10743352,49,Fast
Bolivia,2015,,7984.412109375,11090090,49,Fast
Algeria,2011,41.76,11078.228515625,36543548,22,Fast
Algeria,2012,21.27,11233.5166015625,37260568,22,Fast
Algeria,2013,36.02,11319.0830078125,38000628,22,Fast
Algeria,2010,,10970.6923828125,35856348,22,Fast
Angola,2015,,8036.4111328125,28127724,36,Fast
Angola,2016,,7568.998046875,29154742,36,Fast
Angola,2017,,7310.896484375,30208634,36,Fast
Angola,2018,,6933.5,31273538,36,Fast
Angola,2019,,6670.33154296875,32353592,36,Fast
Antigua and Barbuda,2010,,18206.015625,85710,22,Fast
Antigua and Barbuda,2011,,17605.439453125,86749,22,Fast
Antigua and Barbuda,2012,,17966.337890625,87688,22,Fast
Antigua and Barbuda,2013,,17643.130859375,88512,22,Fast
Antigua and Barbuda,2014,,18104.68359375,89252,22,Fast
Antigua and Barbuda,2015,,18594.544921875,89958,22,Fast
Antigua and Barbuda,2016,,19419.6328125,90575,22,Fast
Antigua and Barbuda,2017,,19840.283203125,91133,22,Fast
Antigua and Barbuda,2018,,21017.263671875,91644,22,Fast
Argentina,2010,20.97,23521.26953125,41100124,24.5,Fast
Argentina,2011,29.95,24647.62890625,41520736,24.5,Fast
Argentina,2012,29.2,24118.8671875,41952364,24.5,Fast
Cambodia,2016,,3728.099609375,15624586,99,Slow
Cambodia,2017,,3928.3740234375,15830694,99,Slow
Cambodia,2018,,4159.33837890625,16025242,99,Slow
Cambodia,2019,,4388.80078125,16207746,99,Slow
Argentina,2013,31.02,24424.13671875,42388268,24.5,Fast
Argentina,2014,27.83,23550.099609375,42824064,24.5,Fast
Argentina,2015,29.14,23933.88671875,43257064,24.5,Fast
Argentina,2016,27.96,23189.52734375,43668236,24.5,Fast
Argentina,2017,13.36,23597.1171875,44054616,24.5,Fast
Austria,2012,8.57,53297.4453125,8429641,25,Fast
Austria,2014,8.15,52932.8984375,8546066,22,Fast
Austria,2016,10.39,53345.7421875,8736491,21,Fast
Austria,2010,,51843.4296875,8362829,25,Fast
Austria,2011,,53179.1484375,8391201,25,Fast
Austria,2013,,52997.75390625,8479542,25,Fast
Austria,2015,,52873.859375,8642422,22,Fast
Austria,2017,,54172.98828125,8797497,21,Fast
Austria,2018,,55258.37109375,8840518,21,Fast
Austria,2019,,55833.55859375,8879939,21,Fast
Bahamas,2010,,36547.4296875,373277,23.5,Fast
Bahamas,2011,,36296.39453125,377956,23.5,Fast
Bahamas,2012,,37005.37890625,382073,23.5,Fast
Bahamas,2013,,35331.1640625,385660,23.5,Fast
Bahamas,2014,,35801.91796875,389137,23.5,Fast
Bahamas,2015,,36023.59375,392707,28.5,Fast
Bahamas,2016,,35701.23046875,395986,21.5,Fast
Bahamas,2017,,35917.7578125,399027,21.5,Fast
Bahamas,2018,,36539.66015625,401911,21.5,Fast
Bangladesh,2013,,3349.02490234375,154030144,21.7999992370605,Fast
Belize,2014,10.09,7322.8828125,352343,43,Fast
Belize,2016,42.87,7206.95263671875,367327,43,Fast
Belize,2010,,7294.6630859375,322115,43,Fast
Belize,2011,,7259.64501953125,329546,43,Fast
Belize,2012,,7264.63916015625,337067,43,Fast
Belize,2013,,7194.62158203125,344695,43,Fast
Belize,2015,,7358.61865234375,359884,43,Fast
Belize,2017,,7193.63427734375,374702,48,Fast
Belize,2018,,7261.6943359375,382076,48,Fast
Belize,2019,,7251.88623046875,389103,48,Fast
Benin,2010,,2704.70556640625,9445716,34.5,Fast
Benin,2011,,2707.86962890625,9726385,32.5,Fast
Benin,2012,,2759.84814453125,10014087,29.5,Fast
Bhutan,2010,,8190.576171875,705523,46,Fast
Bhutan,2011,,8744.9580078125,713338,35,Fast
Bhutan,2012,,9084.0048828125,721154,35,Fast
Bhutan,2013,,9163.5634765625,728898,30,Fast
Bolivia,2016,,8202.5439453125,11263016,45,Fast
Bolivia,2017,,8423.697265625,11435535,41,Fast
Bolivia,2018,,8655.53125,11606906,39.5,Fast
Bolivia,2019,,8724.474609375,11777318,39.5,Fast
Botswana,2012,71.94,14166.5439453125,2175429,40,Fast
Botswana,2013,59.2,15597.6171875,2217285,41,Fast
Botswana,2014,63.37,16042.052734375,2260383,48,Fast
Botswana,2015,61.85,14895.9052734375,2305177,48,Fast
Botswana,2011,,13724.6708984375,2134043,40,Fast
Botswana,2016,,15654.681640625,2352419,48,Fast
Botswana,2017,,15948.0322265625,2401848,48,Fast
Botswana,2018,,16222.4072265625,2451411,48,Fast
Botswana,2019,,16347.91015625,2499705,48,Fast
Brazil,2018,,14668.255859375,210166592,20.1000003814697,Fast
Bulgaria,2015,5.34,19988.224609375,7309255,25,Fast
Bulgaria,2016,7.09,20740.794921875,7245982,23,Fast
Bulgaria,2017,5.01,21469.9453125,7182430,23,Fast
Bulgaria,2010,,18160.607421875,7592271,25,Fast
Bulgaria,2011,,18661.48046875,7543128,25,Fast
Bulgaria,2012,,18911.583984375,7488347,25,Fast
Bulgaria,2013,,18911.126953125,7431169,25,Fast
Bulgaria,2014,,19202.80859375,7372142,25,Fast
Bulgaria,2018,,22206.08984375,7117424,23,Fast
Bulgaria,2019,,23265.876953125,7052536,23,Fast
Cameroon,2010,,3223.51000976563,19878044,20.5,Fast
Central African Republic,2010,,1201.35217285156,4660066,24,Fast
Central African Republic,2011,,1242.71484375,4732037,22,Fast
Central African Republic,2012,,1300.28881835938,4773306,22,Fast
Central African Republic,2013,,824.943298339844,4802437,22,Fast
Central African Republic,2014,,822.611206054688,4798739,22,Fast
Central African Republic,2015,,852.749206542969,4819341,22,Fast
Central African Republic,2016,,884.495178222656,4904182,22,Fast
Central African Republic,2017,,912.803039550781,4996741,22,Fast
Central African Republic,2018,,933.109924316406,5094795,22,Fast
Central African Republic,2019,,945.142028808594,5209329,22,Fast
Chile,2010,38.33,21262.466796875,17004166,36.5,Fast
China,2013,14.42,11101.9384765625,1376100352,34.2999992370606,Fast
China,2014,19.33,11851.404296875,1385189632,31.2999992370605,Fast
China,2015,19.52,12612.3515625,1393715456,31.2999992370605,Fast
China,2016,21.3,13399.1376953125,1401889664,28.8999996185303,Fast
China,2017,15.29,14243.5322265625,1410275968,24.8999996185303,Fast
Comoros,2010,,2878.26977539063,656032,22,Fast
Comoros,2011,,2924.685546875,670081,22,Fast
Costa Rica,2014,28.95,18669.095703125,4844293,23,Fast
Costa Rica,2013,,18233.015625,4791541,23,Fast
Costa Rica,2015,,19141.68359375,4895241,23,Fast
Costa Rica,2016,,19736.666015625,4945205,22.5,Fast
Costa Rica,2017,,20347.03515625,4993849,22.5,Fast
Costa Rica,2018,,20672.615234375,5040738,23,Fast
Costa Rica,2019,,20937.5390625,5084527,23,Fast
Cote d'Ivoire,2010,,3778.20849609375,21120040,40,Fast
Cote d'Ivoire,2011,,3491.02124023438,21562916,32,Fast
Cote d'Ivoire,2012,,3666.63745117188,22010708,32,Fast
Croatia,2010,7.43,24500.068359375,4368680,20.5,Fast
Comoros,2012,,2946.2021484375,684564,20,Fast
Croatia,2011,17.88,24563.84765625,4351838,20,Fast
Croatia,2012,19.26,24078.330078125,4331592,22.5,Fast
Croatia,2013,19.6,24057.80859375,4308854,22.5,Fast
Croatia,2014,19.5,24072.439453125,4283968,22.5,Fast
Croatia,2015,17.21,24884.666015625,4254821,22.5,Fast
Croatia,2016,18.17,25944.2578125,4223748,22.5,Fast
Croatia,2017,17.54,27154.083984375,4192468,22.5,Fast
Croatia,2018,,28192.328125,4160488,22.5,Fast
Czechia,2011,13.93,34002.19140625,10496379,30.5,Fast
Czechia,2013,13.73,33661.46875,10514547,30.5,Fast
Czechia,2010,,33483.13671875,10464750,32,Fast
Czechia,2012,,33688.1015625,10511065,30.5,Fast
Czechia,2014,,34386.703125,10517178,30.5,Fast
Czechia,2015,,36168.41796875,10523801,30.5,Fast
Czechia,2016,,37014.9609375,10527584,24.5,Fast
Czechia,2017,,38824.88671875,10531315,24.5,Fast
Czechia,2018,,39932.9921875,10534598,24.5,Fast
Czechia,2019,,40981.0546875,10536876,24.5,Fast
Democratic Republic of Congo,2013,,972.455932617188,73460032,31.5,Fast
Djibouti,2010,,,919206,37,Fast
Djibouti,2011,,,936819,37,Fast
Djibouti,2012,,,954311,37,Fast
East Asia and Pacific,2010,,11905.9638671875,,36.1800003051758,Fast
East Asia and Pacific,2011,,12520.9072265625,,32.560001373291,Fast
East Asia and Pacific,2012,,13113.9716796875,,33.6538467407227,Fast
East Asia and Pacific,2013,,13731.203125,,34.6172409057617,Fast
East Asia and Pacific,2014,,14322.658203125,,30.8379306793213,Fast
East Asia and Pacific,2015,,14927.7119140625,,27.6827583312988,Fast
East Asia and Pacific,2016,,15561.0615234375,,25.7000007629395,Fast
East Asia and Pacific,2017,,16277.5927734375,,25.017240524292,Fast
East Asia and Pacific,2018,,16996.419921875,,23.3655166625977,Fast
East Asia and Pacific,2019,,17648.58203125,,22.8517246246338,Fast
Ecuador,2016,36.71,11551.6162109375,16439588,48.5,Fast
Ecuador,2017,48.18,11617.912109375,16696947,48.5,Fast
Ecuador,2018,,11561.748046875,17015672,48.5,Fast
Ecuador,2019,,11370.603515625,17343742,48.5,Fast
Equatorial Guinea,2017,,22550.958984375,1450703,33,Fast
Equatorial Guinea,2018,,20386.013671875,1502102,33,Fast
Equatorial Guinea,2019,,18502.564453125,1553037,33,Fast
Eswatini,2013,,8179.8154296875,1118329,38,Fast
Eswatini,2014,,8193.6728515625,1125872,30,Fast
Eswatini,2015,,8307.7822265625,1133941,30,Fast
Eswatini,2016,,8321.0244140625,1142529,30,Fast
Eswatini,2017,,8408.0361328125,1151397,30,Fast
Eswatini,2018,,8520.5849609375,1160430,30,Fast
Congo,2017,,4234.65966796875,5312347,49.5,none
Congo,2018,,3928.42797851563,5441061,49.5,none
Congo,2019,,3825.70141601563,5570736,49.5,none
Eswatini,2019,,8652.9228515625,1169620,21.5,Fast
Ethiopia,2012,23.84,1437.37658691406,94451280,40,Fast
Ethiopia,2011,,1360.9384765625,91817936,40,Fast
Ethiopia,2013,,1545.17797851563,97084376,39,Fast
Ethiopia,2014,,1656.63452148438,99746768,39,Fast
Ethiopia,2015,,1779.08410644531,102471896,35,Fast
Ethiopia,2016,,1894.89733886719,105293232,35,Fast
Ethiopia,2017,,2021.56286621094,108197944,33,Fast
Ethiopia,2018,,2103.51586914063,111129440,32,Fast
Ethiopia,2019,,2221.40478515625,114120592,32,Fast
Fiji,2010,,10547.91015625,905176,44,Fast
Fiji,2011,,10787.6396484375,908359,44,Fast
Fiji,2016,,12820.7568359375,918371,40,Fast
Fiji,2017,,13429.30078125,919022,40,Fast
Fiji,2018,,13846.12109375,919002,40,Fast
Fiji,2019,,13684.2919921875,918472,40,Fast
Gabon,2013,,15342.181640625,1902230,47,Fast
Gabon,2014,,15437.2646484375,1966858,47,Fast
Gabon,2015,,15510.0390625,2028524,47,Fast
Gabon,2016,,15359.740234375,2086210,47,Fast
Gabon,2017,,15006.84375,2140225,33,Fast
Gabon,2018,,14743.6982421875,2192013,31,Fast
Gambia,2010,,2346.72045898438,1937284,27,Fast
Gambia,2011,,2091.82885742188,1998215,27,Fast
Gambia,2012,,2135.744140625,2061020,27,Fast
Gambia,2013,,2131.43603515625,2124876,27,Fast
Gambia,2014,,2038.80249023438,2189023,26,Fast
Gambia,2015,,2058.658203125,2253137,25,Fast
Croatia,2019,,29336.0859375,4129749,19.5,none
Gambia,2016,,2036.87719726563,2317212,25,Fast
Gambia,2017,,2072.64672851563,2381189,25,Fast
Gambia,2018,,2158.07763671875,2444916,25,Fast
Guatemala,2010,30.68,7335.98876953125,14543126,36,Fast
Guatemala,2011,26.4,7503.6748046875,14833458,36,Fast
Guatemala,2013,38.95,7734.11767578125,15422663,26.5,Fast
Guatemala,2014,35.79,7939.37451171875,15713744,26.5,Fast
Guatemala,2015,36.85,8125.65576171875,16001105,26.5,Fast
Guatemala,2016,36.96,8206.0478515625,16291004,26.5,Fast
Guatemala,2017,46.54,8322.216796875,16578718,26.5,Fast
Guatemala,2012,,7590.75537109375,15128307,36,Fast
Guinea,2010,,1870.80004882813,10270728,40,Fast
Guinea,2011,,1932.505859375,10527711,40,Fast
Guinea,2012,,2002.32165527344,10788696,43,Fast
Guinea,2013,,2035.31860351563,11055433,23,Fast
Guyana,2010,,9788.8486328125,747937,23,Fast
Honduras,2010,,4866.97412109375,8450936,43,Fast
Honduras,2011,,4956.40283203125,8622510,43,Fast
Honduras,2012,,5065.45703125,8792370,43,Fast
Honduras,2013,,5113.458984375,8960654,43,Fast
Honduras,2014,,5177.4150390625,9127851,43,Fast
Honduras,2015,,5283.4169921875,9294510,41,Fast
Honduras,2016,,5395.61474609375,9460798,42,Fast
Honduras,2017,,5561.99462890625,9626845,42,Fast
Honduras,2018,,5680.36279296875,9792854,42,Fast
Honduras,2019,,5736.181640625,9958832,42,Fast
India,2013,22.79,4818.5224609375,1291132032,32.7000007629395,Fast
India,2014,7.66,5116.62890625,1307246464,35,Fast
India,2015,9.15,5464.39404296875,1322866560,30,Fast
India,2016,14.88,5851.39501953125,1338636288,28.5,Fast
India,2017,10.33,6182.921875,1354195712,29.7999992370605,Fast
Indonesia,2016,23.17,10531.111328125,261850176,26.2999992370605,Fast
Indonesia,2017,28.14,10935.6318359375,264498848,24.5,Fast
Indonesia,2018,,11371.7255859375,267066848,21,Fast
Iraq,2010,,8597.064453125,31264880,30.5,Fast
Iraq,2011,,8949.9365234375,32378066,30.5,Fast
Iraq,2012,,9824.80859375,33864452,27.5,Fast
Iraq,2013,,10170.2197265625,35481804,27.5,Fast
Iraq,2014,,9818.65234375,36746484,27.5,Fast
Iraq,2015,,9946.9765625,37757812,34.5,Fast
Iraq,2016,,10997.38671875,38697940,34.5,Fast
Iraq,2017,,10526.37109375,39621156,26.5,Fast
Iraq,2018,,10556.0244140625,40590700,26.5,Fast
Iraq,2019,,10935.5791015625,41563524,26.5,Fast
Kazakhstan,2010,,20751.2578125,16627839,25,Fast
Kazakhstan,2011,,21970.083984375,16864920,25,Fast
Kazakhstan,2012,,22702.578125,17102868,25,Fast
Kenya,2010,,3691.01293945313,41517896,33,Fast
Kenya,2011,,3776.91064453125,42635148,35,Fast
Kenya,2012,,3845.68676757813,43725808,34,Fast
Kenya,2013,,3888.56909179688,44792368,34,Fast
Kenya,2014,,3980.58544921875,45831860,32,Fast
Kenya,2015,,4075.501953125,46851496,28,Fast
Kenya,2016,,4145.640625,47894668,22,Fast
Kenya,2017,,4203.5849609375,48948140,23,Fast
Kenya,2018,,4339.00048828125,49953300,23,Fast
Kenya,2019,,4452.77294921875,50951452,23,Fast
Kiribati,2010,,1923.11389160156,108011,31,Fast
Kiribati,2011,,1920.10327148438,109887,31,Fast
Kiribati,2012,,1979.91003417969,111630,31,Fast
Kiribati,2013,,2034.13696289063,113316,31,Fast
Kiribati,2014,,1992.24499511719,115002,31,Fast
Kiribati,2015,,2168.99926757813,116717,31,Fast
Kiribati,2016,,2247.97119140625,118529,31,Fast
Kiribati,2017,,2235.70727539063,120378,31,Fast
Kiribati,2018,,2286.298828125,122276,31,Fast
Kiribati,2019,,2340.38989257813,124252,31,Fast
Kosovo,2013,,8486.5654296875,1805676,29,Fast
Kuwait,2010,,58810.40625,2943364,35.4000015258789,Fast
Kuwait,2011,,60887.68359375,3143827,32.4000015258789,Fast
Kuwait,2012,,61416.9765625,3394668,32.4000015258789,Fast
Kuwait,2013,,58995.37109375,3646520,32.4000015258789,Fast
Kuwait,2014,,56647.4375,3761590,31.3999996185303,Fast
Kuwait,2015,,54834.390625,3908745,31.3999996185303,Fast
Kuwait,2017,,50855.5546875,4124904,38.4000015258789,Fast
Kuwait,2018,,50478.5859375,4317190,35.4000015258789,Fast
Latin America and Caribbean,2013,,15885.0087890625,,35.6515159606934,Fast
Latin America and Caribbean,2014,,15964.6357421875,,30.8030300140381,Fast
Latin America and Caribbean,2015,,15917.482421875,,31.7242431640625,Fast
Latin America and Caribbean,2016,,15773.396484375,,32.1787872314453,Fast
Latin America and Caribbean,2017,,15928.55859375,,31.9363632202148,Fast
Latin America and Caribbean,2018,,16055.861328125,,28.7575759887695,Fast
Latin America and Caribbean,2019,,16043.09375,,28.0909099578857,Fast
Lesotho,2010,,2346.71337890625,2022752,39,Fast
Lesotho,2011,,2444.92797851563,2037687,39,Fast
Lesotho,2012,,2585.36572265625,2054722,29,Fast
Lesotho,2013,,2614.14306640625,2073948,29,Fast
Lesotho,2014,,2639.44580078125,2095251,29,Fast
Lesotho,2015,,2701.421875,2118532,29,Fast
Lesotho,2016,,2776.74096679688,2143876,29,Fast
Lesotho,2017,,2668.29150390625,2170622,29,Fast
Lesotho,2018,,2614.65893554688,2198030,29,Fast
Liberia,2010,,1465.55932617188,4019958,21,Fast
Libya,2013,62.07,16160.1103515625,5985228,35,Fast
Libya,2012,,18806.783203125,5869880,35,Fast
Libya,2014,,12201.205078125,6097767,35,Fast
Libya,2015,,11022.4296875,6192241,35,Fast
Libya,2016,,10592.4306640625,6282202,35,Fast
Libya,2017,,13238.0009765625,6378267,35,Fast
Libya,2018,,15017.9931640625,6477791,35,Fast
Libya,2019,,15174.162109375,6569085,35,Fast
Liechtenstein,2018,,,38205,46,Fast
Liechtenstein,2019,,,38500,46,Fast
Lithuania,2011,16.81,25968.583984375,3099800,22,Fast
Lithuania,2010,,23942.759765625,3139021,22,Fast
Low and middle income,2010,,7790.23291015625,,42.3235282897949,Fast
Low and middle income,2011,,8140.095703125,,37.7436981201172,Fast
Low and middle income,2012,,8441.705078125,,36.8524589538574,Fast
Low and middle income,2013,,8762.8369140625,,30.4297714233398,Fast
Low and middle income,2014,,9055.6865234375,,27.4274806976318,Fast
Low and middle income,2015,,9321.6708984375,,26.9136371612549,Fast
Low and middle income,2016,,9633.814453125,,26.0537872314453,Fast
Low and middle income,2017,,9995.0810546875,,24.1787872314453,Fast
Low and middle income,2018,,10338.8994140625,,22.6742420196533,Fast
Low and middle income,2019,,10603.98046875,,21.7946968078613,Fast
Low income,2010,,1756.96655273438,,37.5833320617676,Fast
Low income,2011,,1772.15893554688,,27.875,Fast
Low income,2012,,1739.21801757813,,26.6800003051758,Fast
Low income,2013,,1786.11291503906,,23.9200000762939,Fast
Low income,2014,,1848.86083984375,,22.5200004577637,Fast
Low income,2015,,1888.64038085938,,23.7115383148193,Fast
Low income,2016,,1930.07690429688,,23.1730766296387,Fast
Low income,2017,,1963.59106445313,,22.480770111084,Fast
Low income,2018,,1986.64123535156,,22.8461532592773,Fast
Low income,2019,,2021.95104980469,,22.0769233703613,Fast
Lower middle income,2010,,5241.37451171875,,43.6020393371582,Fast
Lower middle income,2011,,5412.359375,,38.9489784240723,Fast
Lower middle income,2012,,5559.27392578125,,38.060001373291,Fast
Lower middle income,2013,,5754.4609375,,34.4145469665527,Fast
Lower middle income,2014,,5974.32373046875,,30.3581809997559,Fast
Lower middle income,2015,,6188.2373046875,,29.0018177032471,Fast
Uruguay,2019,,23032.734375,3428412,6.5,""
Ethiopia,2010,,1259.02258300781,89237800,20,Fast
Lower middle income,2016,,6477.20263671875,,27.8400001525879,Fast
Lower middle income,2017,,6728.3095703125,,27.1127281188965,Fast
Lower middle income,2018,,6957.9453125,,25.5527267456055,Fast
Lower middle income,2019,,7115.2119140625,,24.5418186187744,Fast
Malawi,2012,70.26,1386.7900390625,15581250,37,Fast
Malawi,2013,66.69,1418.07434082031,16024775,40,Fast
Malawi,2010,,1374.5712890625,14718426,36,Fast
Malawi,2011,,1400.59362792969,15146095,36,Fast
Malawi,2014,,1457.47302246094,16477972,38,Fast
Malawi,2015,,1457.50366210938,16938944,38,Fast
Malawi,2016,,1453.77734375,17405624,37,Fast
Malawi,2017,,1472.14685058594,17881172,37,Fast
Malawi,2018,,1496.73217773438,18367886,37,Fast
Malawi,2019,,1537.14123535156,18867340,37,Fast
Malaysia,2016,4.86,25541.771484375,31526414,23.5,Fast
Malaysia,2017,17.61,26661.5078125,31975812,23.5,Fast
Malta,2011,,32881.85546875,423577,38.5,Fast
Malta,2012,,33929.36328125,429912,38.5,Fast
Malta,2013,,35287.48828125,437531,38.5,Fast
Malta,2014,,37230.3046875,446449,33.5,Fast
Malta,2015,,39845.140625,456585,28,Fast
Malta,2016,,40536.74609375,467717,26,Fast
Malta,2019,,43950.6171875,503646,20.5,Fast
Middle East and North Africa,2010,,14834.15234375,,23.0421047210693,Fast
Middle East and North Africa,2011,,15078.5947265625,,23.2600002288818,Fast
Middle East and North Africa,2012,,15314.953125,,24.4857139587402,Fast
Middle East and North Africa,2013,,15409.9052734375,,23.1047611236572,Fast
Middle East and North Africa,2014,,15567.0966796875,,22.3476181030273,Fast
Middle East and North Africa,2015,,15727.982421875,,22.3999996185303,Fast
Middle East and North Africa,2016,,16214.498046875,,23.4190483093262,Fast
Middle East and North Africa,2017,,16224.69921875,,21.204761505127,Fast
Middle East and North Africa,2018,,16164.662109375,,20.3714294433594,Fast
Middle income,2010,,8391.6435546875,,43.521053314209,Fast
Middle income,2011,,8783.1953125,,40.2368431091309,Fast
Middle income,2012,,9126.2822265625,,39.4742279052734,Fast
Middle income,2013,,9484.9033203125,,31.9650936126709,Fast
Middle income,2014,,9812.0244140625,,28.5849056243897,Fast
Middle income,2015,,10112.6923828125,,27.6990566253662,Fast
Middle income,2016,,10465.3046875,,26.7603778839111,Fast
Middle income,2017,,10874.1494140625,,24.5952835083008,Fast
Middle income,2018,,11266.5234375,,22.6320762634277,Fast
Middle income,2019,,11572.396484375,,21.725471496582,Fast
Mozambique,2010,,1027.20886230469,23073732,21,Fast
Mozambique,2011,,1073.47814941406,23760424,21,Fast
Mozambique,2012,,1120.12854003906,24487614,21,Fast
Mozambique,2013,,1165.408203125,25251738,21,Fast
Mozambique,2014,,1217.0888671875,26038704,21,Fast
Mozambique,2015,,1262.61315917969,26843252,21,Fast
Mozambique,2016,,1273.78369140625,27696500,21,Fast
Nepal,2010,,2703.41479492188,27161572,31,Fast
Nepal,2011,,2793.02465820313,27266398,29,Fast
Nepal,2012,,2922.61962890625,27330696,29,Fast
Nepal,2019,,3952.76025390625,28832500,22.5,Fast
Nicaragua,2010,,4611.78515625,5855736,39,Fast
Nicaragua,2011,,4837.49951171875,5942554,39,Fast
Nicaragua,2012,,5083.2890625,6030605,39,Fast
Nicaragua,2013,,5263.40966796875,6119377,37,Fast
Nigeria,2013,46.81,5329.12158203125,174726128,30.2999992370605,Fast
Nigeria,2014,,5516.3857421875,179379024,30.2999992370605,Fast
Nigeria,2015,,5514.7705078125,183995776,30.2999992370605,Fast
Nigeria,2016,,5284.89306640625,188666928,24.8999996185303,Fast
Palau,2010,,15227.615234375,18563,28,Fast
Palau,2011,,16433.939453125,18260,28,Fast
Palau,2012,,16815.880859375,17974,28,Fast
Palau,2013,,16275.806640625,17829,28,Fast
Palau,2014,,17278.5859375,17821,28,Fast
Palau,2015,,18539.15625,17822,28,Fast
Palau,2016,,18468.291015625,17840,28,Fast
Palau,2017,,17770.5625,17857,28,Fast
Palau,2018,,17650.416015625,17887,28,Fast
Palau,2019,,17229.1484375,17939,28,Fast
Palestine,2013,,6118.25732421875,4281800,47.5,Fast
Palestine,2014,,5967.0732421875,4380473,43.5,Fast
Palestine,2015,,6048.9765625,4484615,43.5,Fast
Palestine,2016,,6438.93359375,4593855,43.5,Fast
Palestine,2017,,6401.74072265625,4700954,43.5,Fast
Palestine,2018,,6318.2099609375,4805549,43.5,Fast
Palestine,2019,,6245.44873046875,4909775,43.5,Fast
Papua New Guinea,2016,,4222.52490234375,8899176,41,Fast
Papua New Guinea,2017,,4285.62890625,9114803,41,Fast
Papua New Guinea,2018,,4190.0947265625,9329233,41,Fast
Papua New Guinea,2019,,4293.12939453125,9542492,41,Fast
Paraguay,2010,,10415.65625,5768618,35,Fast
Paraguay,2011,,10714.69140625,5843938,35,Fast
Paraguay,2012,,10493.8125,5923327,35,Fast
Paraguay,2013,,11209.1318359375,6005656,35,Fast
Paraguay,2014,,11643.7275390625,6090727,35,Fast
Paraguay,2015,,11828.1396484375,6177954,35,Fast
Paraguay,2016,,12170.7841796875,6266623,35,Fast
Paraguay,2017,,12590.548828125,6355406,35,Fast
Paraguay,2018,,12827.7080078125,6443337,35,Fast
Paraguay,2019,,12615.5283203125,6530029,35,Fast
Peru,2010,39.58,10066.4677734375,29229576,42.5,Fast
Peru,2011,37.54,10616.84375,29477722,41.5,Fast
Peru,2012,45.06,11176.0869140625,29749592,41.5,Fast
Peru,2013,33.91,11724.00390625,30038810,41.5,Fast
Peru,2014,50.6,11877.0791015625,30353956,41.5,Fast
Peru,2015,38.56,12110.2666015625,30711864,41.5,Fast
Peru,2016,43.47,12403.6875,31132776,41,Fast
Peru,2017,43.21,12506.529296875,31605488,41,Fast
Peru,2018,,12781.416015625,32203946,26,Fast
Peru,2019,,12853.6923828125,32824864,26,Fast
Uzbekistan,2010,,4953.96142578125,28614234,14,""
Philippines,2013,44.12,6666.25048828125,99700112,28,Fast
Philippines,2014,42.84,6973.638671875,101325208,26,Fast
Philippines,2015,37.11,7300.13623046875,103031360,25,Fast
Philippines,2010,,5918.373046875,94636704,29,Fast
Philippines,2011,,6043.6015625,96337912,28,Fast
Philippines,2012,,6351.26513671875,98032320,28,Fast
Philippines,2016,,7705.0537109375,104875272,25,Fast
Philippines,2017,,8120.86865234375,106738496,39,Fast
Philippines,2018,,8516.13671875,108568832,34,Fast
Philippines,2019,,8914.7236328125,110380800,33,Fast
Poland,2011,22.69,25124.275390625,38620848,39,Fast
Poland,2012,21.57,25457.20703125,38625872,39,Fast
Poland,2013,17.27,25759.33984375,38607352,37,Fast
Poland,2014,15.56,26649.578125,38581880,37,Fast
Poland,2015,19.97,27797.05859375,38553148,37,Fast
Poland,2016,20.83,28682.693359375,38532108,37,Fast
Poland,2017,9.69,30064.50390625,38532816,37,Fast
Poland,2010,,23996.140625,38597356,39,Fast
Poland,2018,,31674.130859375,38521464,37,Fast
Poland,2019,,33185.15625,38493600,37,Fast
Romania,2018,,28523.453125,19606778,35,Fast
San Marino,2012,,59708.7265625,33156,41,Fast
San Marino,2013,,58419.9140625,33307,41,Fast
San Marino,2014,,57328.078125,33415,36,Fast
Saudi Arabia,2010,0.98,44036.765625,29411930,27.2999992370605,Fast
Saudi Arabia,2011,,46989.1484375,30150952,27.2999992370605,Fast
Saudi Arabia,2012,,48024.4609375,30821554,24.2999992370605,Fast
Saudi Arabia,2013,,47848.375,31482502,24.7999992370605,Fast
Saudi Arabia,2014,,48209.13671875,32125570,24.7999992370605,Fast
Saudi Arabia,2015,,48921.21484375,32749838,23.2999992370605,Fast
Seychelles,2010,,20960.748046875,92424,33,Fast
Seychelles,2011,,23216.306640625,93842,33,Fast
Seychelles,2012,,23279.533203125,95319,33,Fast
Seychelles,2013,,24228.87890625,96730,32,Fast
Seychelles,2014,,24929.552734375,98016,32,Fast
Seychelles,2015,,25583.552734375,99260,32,Fast
Seychelles,2016,,26395.388671875,100521,32,Fast
Seychelles,2017,,27309.76171875,101828,32,Fast
Seychelles,2018,,27529.498046875,103120,32,Fast
Seychelles,2019,,27611.119140625,104386,32,Fast
Slovakia,2011,17.8,26168.27734375,5402686,28.5,Fast
Slovakia,2012,11.83,26478.6015625,5409283,28.5,Fast
Slovakia,2013,16.39,26623.349609375,5414744,33.5,Fast
Slovakia,2014,15.14,27322.142578125,5419572,26.5,Fast
Slovakia,2015,15.69,28719.86328125,5424449,26.5,Fast
Slovakia,2016,8.04,29236.921875,5431205,26.5,Fast
Slovakia,2017,9.04,30061.55078125,5439418,26.5,Fast
Slovakia,2010,,25528.74609375,5396428,28.5,Fast
Slovakia,2018,,31159.0234375,5446746,26.5,Fast
Slovakia,2019,,31927.59375,5453932,21.5,Fast
Solomon Islands,2011,,2551.263671875,553727,41,Fast
South Africa,2010,16.7,13618.7255859375,51784928,45,Fast
South Africa,2011,14.27,13837.6689453125,52443320,45,Fast
South Africa,2012,11.95,13946.9482421875,53145036,45,Fast
South Africa,2013,12.76,14066.1025390625,53873608,45,Fast
South Africa,2014,10.05,14040.826171875,54729556,46,Fast
South Africa,2015,10.93,14010.1044921875,55876504,46,Fast
South Africa,2016,10.06,13897.1396484375,56422272,45,Fast
South Africa,2017,11.72,13860.2705078125,56641208,45,Fast
South Africa,2018,,13875.935546875,57339632,40,Fast
South Africa,2019,,13709.966796875,58087060,40,Fast
South Asia,2010,,4076.36791992188,,27.2999992370605,Fast
South Asia,2011,,4225.2041015625,,24.1000003814697,Fast
Spain,2011,7.99,36884.2578125,46729232,29,Fast
Spain,2012,11.13,35769.4609375,46756084,30,Fast
Spain,2013,8.43,35371.73828125,46603460,24,Fast
Sri Lanka,2010,,9126.865234375,20668556,38,Fast
Sri Lanka,2011,,9827.6220703125,20859746,35,Fast
Sub-Saharan Africa,2010,,3658.10205078125,,46.5666656494141,Fast
Sub-Saharan Africa,2011,,3717.96508789063,,37.5,Fast
Sub-Saharan Africa,2012,,3750.78247070313,,35.5652160644531,Fast
Sub-Saharan Africa,2013,,3832.01000976563,,31.346809387207,Fast
Sub-Saharan Africa,2014,,3911.84228515625,,29.0914897918701,Fast
Sub-Saharan Africa,2015,,3922.39868164063,,28.8916664123535,Fast
Sub-Saharan Africa,2016,,3881.18481445313,,28.1958332061768,Fast
Sub-Saharan Africa,2017,,3881.4208984375,,24.0708332061768,Fast
Sub-Saharan Africa,2018,,3888.70092773438,,23.2062492370605,Fast
Sub-Saharan Africa,2019,,3889.90966796875,,21.5249996185303,Fast
Sudan,2010,,4680.77099609375,33739932,36.5,Fast
Sudan,2011,,4956.59423828125,34419628,36.5,Fast
Sudan,2012,,4576.4736328125,35159792,36.5,Fast
Sudan,2013,,4555.34765625,35990708,36.5,Fast
Sudan,2014,,4654.06396484375,37003248,36.5,Fast
Sudan,2015,,4630.1552734375,38171172,36.5,Fast
Sudan,2016,,4677.16015625,39377168,36.5,Fast
Sudan,2017,,4598.85009765625,40679820,36.5,Fast
Sudan,2018,,4369.76171875,41999064,34.5,Fast
Sudan,2019,,4173.56640625,43232092,34.5,Fast
Tajikistan,2013,,2767.8369140625,8136612,22,Fast
Tajikistan,2014,,2884.2001953125,8326354,28,Fast
Tajikistan,2016,,3113.25463867188,8725326,21,Fast
Tanzania,2010,,2006.97131347656,45110532,31,Fast
Tanzania,2011,,2098.27661132813,46416032,31,Fast
Tanzania,2012,,2128.52880859375,47786136,29,Fast
Tanzania,2013,,2205.95141601563,49253648,29,Fast
Tanzania,2014,,2284.96166992188,50814552,29,Fast
Tanzania,2015,,2354.13891601563,52542824,29,Fast
Tanzania,2016,,2441.63696289063,54401804,29,Fast
High income,2010,,44326.75,,19.3038463592529,none
Tanzania,2017,,2530.60327148438,56267040,29,Fast
Tanzania,2018,,2590.201171875,58090444,27.5,Fast
Tanzania,2019,,2660.63745117188,59872584,29.5,Fast
Thailand,2011,26.46,14450.478515625,68712848,32,Fast
Thailand,2012,18.98,15424.5439453125,69157024,31,Fast
Thailand,2013,18.47,15767.3603515625,69578600,31,Fast
Thailand,2014,21.75,15854.1318359375,69960944,31,Fast
Thailand,2015,16.73,16285.38671875,70294408,31,Fast
Thailand,2016,22.59,16782.099609375,70607032,29,Fast
Thailand,2010,,14399.044921875,68270488,34,Fast
Togo,2012,,1746.93127441406,6926634,38,Fast
Tonga,2010,,5166.93212890625,107401,25,Fast
Trinidad and Tobago,2010,30.36,28879.287109375,1410297,40,Fast
Trinidad and Tobago,2011,35.21,28621.107421875,1420021,40,Fast
Trinidad and Tobago,2012,37.48,28798.49609375,1430379,40,Fast
Trinidad and Tobago,2013,28.69,29247.009765625,1440731,35.5,Fast
Uganda,2010,77.09,1873.51379394531,32341724,26,Fast
Uganda,2012,79.08,1996.91735839844,34273296,29,Fast
Uganda,2013,60.72,2002.72265625,35273568,28,Fast
Uganda,2014,60.19,2035.58422851563,36336544,28,Fast
Uganda,2011,,1985.27136230469,33295738,26,Fast
Uganda,2015,,2067.5888671875,37477356,27,Fast
Uganda,2016,,2088.6474609375,38748308,26,Fast
Uganda,2017,,2074.65234375,40127096,24,Fast
Uganda,2018,,2124.79223632813,41515400,24,Fast
Uganda,2019,,2182.89965820313,42949076,24,Fast
Ukraine,2010,,12221.4404296875,45683024,28,Fast
Ukraine,2011,,12933.3564453125,45516136,25,Fast
Ukraine,2012,,12985.0869140625,45406228,23,Fast
Ukraine,2013,,13020.6005859375,45307104,22,Fast
Ukraine,2014,,12385.8134765625,45148072,22,Fast
Upper middle income,2010,,12248.9248046875,,43.4347839355469,Fast
Upper middle income,2011,,12944.1103515625,,41.6086959838867,Fast
Upper middle income,2012,,13559.6240234375,,40.9787216186523,Fast
Upper middle income,2013,,14152.361328125,,29.3235301971436,Fast
Upper middle income,2014,,14645.6572265625,,26.6725482940674,Fast
Upper middle income,2015,,15089.8134765625,,26.294116973877,Fast
Upper middle income,2016,,15557.84375,,25.5960788726807,Fast
Upper middle income,2017,,16203.80078125,,21.880392074585,Fast
Vanuatu,2010,50.51,3088.97875976563,245464,47,Fast
Vanuatu,2011,,3101.32885742188,251309,33,Fast
Vanuatu,2012,,3046.68579101563,257329,33,Fast
Vanuatu,2013,,2975.89794921875,263547,35,Fast
Vanuatu,2014,,2984.60522460938,269942,35,Fast
Vanuatu,2015,,2915.70043945313,276450,35,Fast
Vietnam,2013,24.07,5815.17529296875,90267736,34,Fast
Vietnam,2014,18.2,6098.5390625,91235504,34,Fast
Vietnam,2017,24.96,7155.443359375,94033048,22,Fast
Vietnam,2010,,5089.4111328125,87411016,36,Fast
Vietnam,2011,,5352.02197265625,88349104,36,Fast
Vietnam,2012,,5574.49365234375,89301328,32,Fast
Vietnam,2016,,6767.77880859375,93126528,24,Fast
Indonesia,2015,27.47,10149.603515625,259091968,49.2999992370606,none
World,2010,,13892.3330078125,6985603072,35.9377899169922,Fast
World,2011,,14260.642578125,7073125376,31.8747119903564,Fast
World,2012,,14528.708984375,7161697792,31.3578643798828,Fast
World,2013,,14824.5078125,7250593280,26.7793655395508,Fast
World,2014,,15149.4501953125,7339013632,24.298942565918,Fast
World,2015,,15480.7646484375,7426597376,23.4042110443115,Fast
World,2016,,15803.5283203125,7513474048,23.0057888031006,Fast
World,2017,,16211.0498046875,7599822336,21.4952640533447,Fast
World,2018,,16607.765625,7683789824,20.5,Fast
Yemen,2013,,,26984008,40.5,Fast
Yemen,2014,,,27753310,40.5,Fast
Yemen,2015,,,28516552,40.5,Fast
Yemen,2016,,,29274010,40.5,Fast
Yemen,2017,,,30034386,40.5,Fast
Yemen,2018,,,30790514,40.5,Fast
Yemen,2019,,,31546694,40.5,Fast
Zimbabwe,2018,,3923.03051757813,15052191,32,Fast
Zimbabwe,2019,,3630.03393554688,15354606,27,Fast
Antigua and Barbuda,2019,,21850.1328125,92127,19,""
Barbados,2014,11.48,15041.5546875,277501,19,""
Barbados,2015,21.61,15382.765625,278095,19,""
Greece,2010,12.84,33693.2109375,11033784,19,""
Guyana,2011,,10275.8759765625,744235,19,""
Ireland,2010,6.14,52965.7890625,4524581,19,""
Ireland,2011,5.75,53298.8125,4544504,19,""
Israel,2012,12.81,35417.29296875,7592099,19,""
Afghanistan,2010,,1957.02905273438,28189672,9.5,""
Afghanistan,2011,,1904.55993652344,29249156,9.5,""
Afghanistan,2012,,2075.49169921875,30466484,9.5,""
Afghanistan,2013,,2116.46533203125,31541216,6.5,""
Afghanistan,2014,,2102.38452148438,32716214,8.5,""
Afghanistan,2015,,2068.26586914063,33753500,8.5,""
Afghanistan,2016,,2057.06787109375,34636212,8.5,""
Afghanistan,2017,,2058.40014648438,35643420,8.5,""
Afghanistan,2018,,2033.80444335938,36686788,8.5,""
Afghanistan,2019,,2065.0361328125,37769496,8.5,""
Albania,2010,,10749.4814453125,2913402,6,""
Albania,2011,,11052.7939453125,2900660,6,""
Albania,2012,,11227.966796875,2892191,5,""
Albania,2013,,11361.2685546875,2887019,5,""
Albania,2014,,11586.833984375,2884100,5,""
Albania,2015,,11878.4541015625,2882482,5,""
Albania,2016,,12291.859375,2881064,5,""
Albania,2017,,12770.9638671875,2879361,5,""
Albania,2018,,13317.0927734375,2877019,4.5,""
Albania,2019,,13656.5927734375,2873883,4.5,""
Algeria,2015,,11696.9501953125,39543148,18,""
Algeria,2016,,11826.1513671875,40339328,18,""
Algeria,2017,,11737.4013671875,41136548,18,""
Algeria,2018,,11630.6796875,41927008,18,""
Algeria,2019,,11521.984375,42705372,18,""
Argentina,2018,,22747.2421875,44413592,11,""
Argentina,2019,,22066.1015625,44745516,11.5,""
Armenia,2010,,9286.197265625,2946296,14,""
Armenia,2011,,9725.2783203125,2928984,8,""
Laos,2015,,6543.6708984375,6787420,187,Very slow
Armenia,2012,,10397.654296875,2914428,8,""
Armenia,2013,,10691.2763671875,2901386,5,""
Armenia,2014,,11019.8388671875,2889937,5,""
Armenia,2015,,11321.3330078125,2878598,5,""
Armenia,2016,,11303.0673828125,2865841,5,""
Armenia,2017,,12115.1396484375,2851929,5,""
Armenia,2018,,12715.109375,2836563,4,""
Armenia,2019,,13653.763671875,2820604,4,""
Australia,2010,8.73,44914.98046875,22019166,2.5,""
Australia,2011,12.26,45389.171875,22357032,2.5,""
Australia,2014,10.02,47232.875,23469578,2.5,""
Australia,2015,14.39,47569.29296875,23820240,2.5,""
Australia,2016,12.34,48116.03125,24195706,2.5,""
Australia,2017,13.19,48398.55078125,24590336,2.5,""
Australia,2012,,46350.921875,22729272,2.5,""
Australia,2013,,46744.6328125,23111788,2.5,""
Australia,2018,,49029.10546875,24979228,2.5,""
Australia,2019,,49309.11328125,25357168,2,""
Azerbaijan,2010,,14082.23828125,9237203,8,""
Azerbaijan,2011,,13913.8369140625,9359018,8,""
Azerbaijan,2012,,14027.46875,9485577,8,""
Azerbaijan,2013,,14651.6943359375,9614478,7,""
Azerbaijan,2014,,14867.943359375,9741879,5.5,""
Azerbaijan,2015,,14852.611328125,9863485,3.5,""
Azerbaijan,2016,,14232.1923828125,9976254,3.5,""
Azerbaijan,2017,,14121.4072265625,10071569,3.5,""
Azerbaijan,2018,,14209.5927734375,10152524,3.5,""
Azerbaijan,2019,,14442.041015625,10232761,3.5,""
Bahamas,2019,,36432.51953125,404563,11.5,""
Bahrain,2010,,44599.8046875,1213655,9.30000019073486,""
Bahrain,2011,,44157.48046875,1212086,9.30000019073486,""
Bahrain,2012,,45035.98046875,1224948,9.30000019073486,""
Bahrain,2013,,46930.83203125,1261683,9.30000019073486,""
Bahrain,2014,,48201.15625,1311142,9.30000019073486,""
Bahrain,2015,,48110.734375,1362157,9.39999961853027,""
Bahrain,2016,,47937.7109375,1409668,8.30000019073486,""
Bahrain,2017,,47709.77734375,1456844,8.30000019073486,""
Bahrain,2018,,46389.265625,1487346,8.30000019073486,""
Bahrain,2019,,45311.86328125,1494195,8.30000019073486,""
Barbados,2011,13.2,15444.74609375,275501,18,""
Barbados,2012,22.99,15335.84765625,276207,18,""
Barbados,2013,18.38,15088.44140625,276873,18,""
Barbados,2016,,15738.0791015625,278660,16,""
Barbados,2018,,15674.904296875,279702,16,""
Barbados,2019,,15639.0478515625,280193,16,""
Belarus,2010,,17300.703125,9731426,13,""
Belarus,2011,,18274.021484375,9706983,13,""
Belarus,2012,,18611.455078125,9693754,13,""
Belarus,2013,,18805.431640625,9691143,12,""
Belarus,2014,,19119.345703125,9693741,12,""
Belarus,2015,,18362.74609375,9700609,9,""
Belarus,2016,,17883.126953125,9708111,9,""
Belarus,2017,,18356.1015625,9707874,9,""
Belarus,2018,,18974.69921875,9695573,9,""
Belarus,2019,,19279.208984375,9673971,8.5,""
Belgium,2010,8.22,47972.55859375,10877948,4.5,""
Belgium,2011,10.89,48154.87109375,10955742,4.5,""
Belgium,2012,9.06,48210.92578125,11031140,4.5,""
Belgium,2013,7.85,48204.5859375,11103260,4.5,""
Belgium,2014,10.55,48748.62109375,11176727,4.5,""
Belgium,2015,10.85,49456.3984375,11248306,4.5,""
Belgium,2016,,49829.92578125,11316837,4.5,""
Belgium,2017,,50442.26953125,11384491,4.5,""
Belgium,2018,,51126.66796875,11448598,4.5,""
Belgium,2019,,51944.16796875,11510569,5,""
Benin,2013,,2876.90380859375,10308730,18.5,""
Benin,2014,,2975.85473632813,10614845,12.5,""
Benin,2015,,2945.97021484375,10932791,12.5,""
Benin,2016,,2961.4404296875,11260091,8.5,""
Benin,2017,,3044.51708984375,11596786,8.5,""
Benin,2018,,3160.78076171875,11940688,8.5,""
Kuwait,2019,,49853.73828125,4441105,19.3999996185303,none
Benin,2019,,3287.3095703125,12290443,8.5,""
Bhutan,2014,,9574.029296875,736362,15,""
Bhutan,2015,,10086.0732421875,743284,15,""
Bhutan,2016,,10775.1904296875,749764,15,""
Bhutan,2017,,11142.474609375,756130,12,""
Bhutan,2018,,11348.4423828125,762104,12,""
Bhutan,2019,,11864.7666015625,767467,12,""
Brazil,2019,,14763.8720703125,211782880,16.6000003814697,""
Brunei,2015,,63147.484375,421449,14.5,""
Brunei,2016,,60867.29296875,426001,14.5,""
Brunei,2017,,60994.53125,430290,12.5,""
Brunei,2018,,60389.18359375,434283,5.5,""
Brunei,2019,,62098.01171875,438058,5.5,""
Burkina Faso,2014,42.34,1907.94921875,18169844,13,""
Burkina Faso,2015,45.87,1925.33203125,18718022,13,""
Burkina Faso,2016,63.67,1981.42980957031,19275504,13,""
Burkina Faso,2010,,1716.35827636719,16116851,14,""
Burkina Faso,2011,,1775.77917480469,16602652,13,""
Burkina Faso,2012,,1834.54333496094,17113736,13,""
Burkina Faso,2013,,1883.79650878906,17636414,13,""
Burkina Faso,2017,,2044.38696289063,19835860,13,""
Burkina Faso,2018,,2117.81396484375,20392730,13,""
Burkina Faso,2019,,2175.50463867188,20951638,13,""
Burundi,2010,,846.169128417969,9126612,13,""
Burundi,2011,,852.502624511719,9455737,13,""
Burundi,2012,,862.715698242188,9795479,7,""
Burundi,2013,,877.27294921875,10149583,5,""
Burundi,2014,,886.235412597656,10494920,5,""
Burundi,2015,,825.205688476563,10727153,4,""
Burundi,2016,,794.604248046875,10903329,4,""
Burundi,2017,,773.572875976563,11155592,4,""
Burundi,2018,,761.524108886719,11493476,5,""
Burundi,2019,,751.664123535156,11874838,5,""
Cameroon,2014,55.57,3470.78564453125,22299590,16.5,""
Cameroon,2015,33.09,3570.42456054688,23012650,16.5,""
Cameroon,2016,34.38,3634.38110351563,23711626,16.5,""
Cameroon,2011,,3242.3544921875,20448880,16.5,""
Cameroon,2012,,3300.94555664063,21032684,16.5,""
Cameroon,2013,,3372.90380859375,21632852,16.5,""
Cameroon,2017,,3665.11791992188,24393182,16.5,""
Cameroon,2018,,3711.85034179688,25076752,13.5,""
Cameroon,2019,,3742.85668945313,25782342,13.5,""
Canada,2013,13.53,46704.76171875,35063696,5.5,""
Canada,2014,11.96,47564.609375,35404616,5.5,""
Canada,2015,11.64,47522.140625,35732120,1.5,""
Canada,2016,14.04,47457.5859375,36113532,1.5,""
Canada,2017,14.13,48317.17578125,36554344,1.5,""
Canada,2010,,44861.5234375,33963416,5.5,""
Canada,2011,,45822.59765625,34323536,5.5,""
Canada,2012,,46126.515625,34691876,5.5,""
Canada,2018,,48962.48046875,37035260,1.5,""
Canada,2019,,49171.51171875,37522584,1.5,""
Cape Verde,2010,,6200.34375,521219,18,""
Cape Verde,2011,,6366.12841796875,527528,18,""
Cape Verde,2012,,6353.70751953125,533877,18,""
Cape Verde,2013,,6323.37646484375,539949,18,""
Cape Verde,2014,,6281.7939453125,546083,18,""
Cape Verde,2015,,6266.8818359375,552169,18,""
Cape Verde,2016,,6482.7216796875,558399,18,""
Cape Verde,2017,,6643.1796875,564959,18,""
Cape Verde,2018,,6864.18505859375,571209,18,""
Cape Verde,2019,,7171.82666015625,577037,9,""
Chile,2011,46,22337.861328125,17173568,9.5,""
Chile,2012,43.12,23300.44140625,17341770,7.5,""
Chile,2013,46.49,24006.8125,17509926,7.5,""
Chile,2014,50.14,24173.064453125,17687108,7.5,""
Chile,2015,50.03,24440.416015625,17870122,7.5,""
Chile,2016,44.66,24531.357421875,18083880,7.5,""
Chile,2017,45.78,24470.703125,18368582,7.5,""
Chile,2018,,25028.91015625,18701452,6,""
Chile,2019,,24967.580078125,19039484,4,""
China,2018,,15133.99609375,1417069440,8.5,""
China,2019,,15977.6455078125,1421864064,8.5,""
Colombia,2010,41.33,11783.2998046875,44816104,11,""
Colombia,2011,55.77,12480.546875,45308896,11,""
Colombia,2012,56.66,12852.6259765625,45782420,12,""
Colombia,2013,54.54,13390.4853515625,46237928,12,""
Colombia,2014,47.01,13852.2421875,46677944,12,""
Colombia,2015,48.22,14095.748046875,47119728,12,""
Colombia,2016,49.56,14194.515625,47625960,11,""
Colombia,2017,52.48,14171.3203125,48351668,11,""
Colombia,2018,,14314.85546875,49276968,11,""
Colombia,2019,,14585.302734375,50187404,10,""
Comoros,2013,,3005.5107421875,699397,16,""
Comoros,2014,,2996.37939453125,714617,16,""
Comoros,2015,,2959.498046875,730221,16,""
Comoros,2016,,2987.97021484375,746239,16,""
Lithuania,2012,17.98,27330.896484375,3063340,19.5,none
Comoros,2017,,3032.26220703125,761672,16,""
Comoros,2018,,3073.11669921875,776322,16,""
Comoros,2019,,3058.81811523438,790993,16,""
Cote d'Ivoire,2013,,3961.82861328125,22469272,8,""
Cote d'Ivoire,2014,,4225.95556640625,22995554,7,""
Cote d'Ivoire,2015,,4417.150390625,23596738,7,""
Cote d'Ivoire,2016,,4615.70947265625,24213620,7,""
Cote d'Ivoire,2017,,4830.75048828125,24848024,8,""
Cote d'Ivoire,2018,,5033.47900390625,25493990,6,""
Cote d'Ivoire,2019,,5212.55419921875,26147544,6,""
Cyprus,2016,16.73,36509.0703125,1197889,6,""
Cyprus,2017,16.66,38287.96875,1208527,6,""
Cyprus,2010,,38296.69921875,1129693,8,""
Cyprus,2011,,37481.8125,1145090,8,""
Cyprus,2012,,35642.640625,1156556,8,""
Cyprus,2013,,33384.46484375,1166972,8,""
Cyprus,2014,,33136.48046875,1176997,8,""
Cyprus,2015,,34453.1171875,1187286,8,""
Cyprus,2018,,39977,1218834,6,""
Cyprus,2019,,41521.921875,1228840,6,""
Democratic Republic of Congo,2014,,1029.79077148438,76035592,16.5,""
Democratic Republic of Congo,2015,,1065.24243164063,78656904,11.5,""
Democratic Republic of Congo,2016,,1055.57287597656,81430976,11.5,""
Democratic Republic of Congo,2017,,1059.81079101563,84283272,7,""
Democratic Republic of Congo,2018,,1085.89367675781,87087352,7,""
Democratic Republic of Congo,2019,,1097.94885253906,89906896,7,""
Denmark,2010,5.91,50825.4140625,5550850,6,""
Denmark,2011,6.72,51293.20703125,5576016,6,""
Denmark,2012,6.64,51216.30859375,5600955,6,""
Denmark,2014,6.92,52048.3359375,5650654,6,""
Denmark,2013,,51479.265625,5625393,6,""
Denmark,2015,,52892.64453125,5677795,3.5,""
Denmark,2016,,54185.0078125,5706856,3.5,""
Denmark,2017,,55356.6796875,5737286,3.5,""
Denmark,2018,,56178.7734375,5766689,3.5,""
Denmark,2019,,57161.6875,5795879,3.5,""
Djibouti,2013,,4028.43237304688,971761,17,""
Djibouti,2014,,4238.9443359375,989091,14,""
Djibouti,2015,,4488.802734375,1006266,14,""
Djibouti,2016,,4709.52392578125,1023269,14,""
Djibouti,2017,,4885.205078125,1040242,14,""
Djibouti,2018,,5214.072265625,1057204,14,""
Djibouti,2019,,5534.76611328125,1073999,14,""
Dominica,2010,,12003.765625,68775,13,""
Dominica,2011,,11971.0205078125,68758,12,""
Dominica,2012,,11837.236328125,68908,12,""
Dominica,2013,,11708.14453125,68839,12,""
Dominica,2014,,12216.5322265625,69388,12,""
Dominica,2015,,11873.7421875,70027,12,""
Dominica,2016,,12154.7509765625,70098,12,""
Dominica,2017,,11304.04296875,70422,12,""
Dominica,2018,,11527.5712890625,70840,12,""
Dominica,2019,,12368.939453125,71446,12,""
Dominican Republic,2010,,12782.45703125,9775756,15,""
Dominican Republic,2011,,13024.328125,9903743,14.5,""
Dominican Republic,2012,,13219.6943359375,10030885,14.5,""
Dominican Republic,2013,,13702.3212890625,10157054,14.5,""
Dominican Republic,2014,,14499.630859375,10282116,14.5,""
Dominican Republic,2015,,15328.359375,10405832,14.5,""
Dominican Republic,2016,,16166.611328125,10527589,18.5,""
Dominican Republic,2017,,16735.365234375,10647247,16.5,""
Uzbekistan,2011,,5185.6845703125,29057456,13,""
Eritrea,2014,,,3323429,84,Slow
Mauritania,2010,,4671.642578125,3419462,19,""
Mauritania,2011,,4725.333984375,3524250,19,""
Mauritania,2012,,4792.8388671875,3636122,19,""
Mauritania,2013,,4846.71240234375,3742965,19,""
Dominican Republic,2018,,17711.794921875,10765532,16.5,""
Dominican Republic,2019,,18412.900390625,10881886,16.5,""
East Timor,2014,,3266.73168945313,1184842,15,""
East Timor,2015,,3295.3037109375,1205822,14,""
East Timor,2016,,3342.60888671875,1224568,14,""
East Timor,2017,,3177.48510742188,1243238,13,""
East Timor,2018,,3094.1298828125,1261850,13,""
East Timor,2019,,3626.67309570313,1280442,13,""
Egypt,2010,24.3,10340.0732421875,87252416,12.5,""
Egypt,2012,42.28,10301.107421875,91240384,12.5,""
Egypt,2015,36.75,10570.4453125,97723792,16.5,""
Egypt,2016,63.76,10795.80859375,99784032,16.5,""
Egypt,2017,55.45,11014.486328125,101789384,16.5,""
Egypt,2011,,10302.4423828125,89200056,12.5,""
Egypt,2013,,10290.19140625,93377896,12.5,""
Egypt,2014,,10353.6669921875,95592328,12.5,""
Egypt,2018,,11366.3359375,103740768,11.5,""
Egypt,2019,,11763.2529296875,105618672,12.5,""
El Salvador,2012,39.84,7754.9853515625,6161293,16.5,""
El Salvador,2014,23.06,7990.44189453125,6209528,16.5,""
El Salvador,2016,33.35,8309.900390625,6250513,16.5,""
El Salvador,2010,,7328.79833984375,6114039,16.5,""
El Salvador,2011,,7575.8447265625,6137354,16.5,""
El Salvador,2013,,7892.46630859375,6185641,16.5,""
El Salvador,2015,,8143.326171875,6231072,16.5,""
El Salvador,2017,,8454.0517578125,6266661,16.5,""
El Salvador,2018,,8615.689453125,6276340,16.5,""
El Salvador,2019,,8776.119140625,6280222,16.5,""
Estonia,2012,16.38,28997.322265625,1322682,6.5,""
Estonia,2013,19.39,29525.119140625,1317985,6.5,""
Estonia,2014,9.85,30494.095703125,1314531,4.5,""
Estonia,2015,16.68,31038.8046875,1314658,3.5,""
Estonia,2016,16.41,32008.93359375,1315928,3.5,""
Estonia,2017,18.14,33821.93359375,1317550,3.5,""
Estonia,2010,,26015.74609375,1331535,6.5,""
Estonia,2011,,27990.13671875,1327435,6.5,""
Estonia,2018,,35097.703125,1322146,3.5,""
Estonia,2019,,36401.109375,1327039,3.5,""
Europe and Central Asia,2010,,30791.908203125,,18.0744686126709,""
Europe and Central Asia,2011,,31577.259765625,,16.6170215606689,""
Europe and Central Asia,2012,,31668.03515625,,16.625,""
Europe and Central Asia,2013,,31894.05078125,,15.5040817260742,""
Europe and Central Asia,2014,,32291.50390625,,14.2040815353394,""
Europe and Central Asia,2015,,32724.41015625,,12.2612247467041,""
Europe and Central Asia,2016,,33204.2421875,,11.8795919418335,""
Europe and Central Asia,2017,,34073.9375,,11.5938777923584,""
Europe and Central Asia,2018,,34765.17578125,,12.5520000457764,""
Europe and Central Asia,2019,,35345.0390625,,11.7620000839233,""
European Union,2010,,39006.31640625,,16.9038467407227,""
European Union,2011,,39780.80078125,,16.6296291351318,""
European Union,2012,,39439.91015625,,16.3703708648682,""
European Union,2013,,39342.7890625,,15.777777671814,""
European Union,2014,,39889.265625,,14.3518514633179,""
European Union,2015,,40752.17578125,,13.240740776062,""
European Union,2016,,41515.9375,,12.722222328186,""
European Union,2017,,42676.62890625,,12.3518514633179,""
European Union,2018,,43555.8984375,,13.277777671814,""
European Union,2019,,44388.25390625,,12.1666669845581,""
Finland,2010,5.89,45874.66015625,5363279,17,""
Finland,2011,7.13,46825.82421875,5388173,17,""
Finland,2012,7.73,45952.24609375,5413865,17,""
Finland,2013,8.34,45328.57421875,5438873,17,""
Finland,2014,7.94,44976.77734375,5461436,17,""
Finland,2015,10.86,45072.58984375,5479457,17,""
Finland,2016,10.43,46206.7890625,5495217,17,""
Finland,2017,,47570.1328125,5508146,17,""
Finland,2018,,48049.58203125,5515465,17,""
Finland,2019,,48582.5859375,5521539,13,""
France,2010,14.18,42147.671875,62444568,6.5,""
France,2011,17.7,42864.01953125,62775272,6.5,""
France,2012,17.29,42790.6328125,63071412,6.5,""
France,2013,12.59,42816.26953125,63335180,6.5,""
France,2014,14.2,43021.39453125,63588496,4.5,""
France,2016,15.69,43705.1484375,63989320,3.5,""
France,2017,17.62,44577.06640625,64144092,3.5,""
France,2015,,43345.78515625,63809768,4,""
France,2018,,45284.00390625,64277812,3.5,""
France,2019,,46017.765625,64399760,4,""
Gabon,2019,,14945.859375,2242788,10,""
Gambia,2019,,2224.90991210938,2508882,8,""
Georgia,2014,15.58,12254.6455078125,3774232,2,""
Georgia,2016,12.78,12963.744140625,3771112,2,""
Georgia,2010,,9736.732421875,3836834,3,""
Georgia,2011,,10541.4716796875,3821667,2,""
Georgia,2012,,11295.75390625,3804358,2,""
Georgia,2013,,11740.0888671875,3786025,2,""
Georgia,2015,,12605.1396484375,3771135,2,""
Georgia,2017,,13589.70703125,3771904,2,""
Georgia,2018,,14253.4091796875,3772323,2,""
Georgia,2019,,14989.2578125,3770814,1,""
Germany,2010,6.37,46999.23828125,81325088,14.5,""
Germany,2011,5.49,49757.92578125,81423384,14.5,""
Germany,2012,6.01,49872.44921875,81545568,14.5,""
Germany,2013,6.84,49954.171875,81680592,14.5,""
Germany,2014,5.93,50845.52734375,81858824,14.5,""
Germany,2015,7.18,51159.296875,82073232,10.5,""
Germany,2016,6.23,51879.671875,82331432,8,""
Germany,2017,7.22,53071.45703125,82624368,8,""
Germany,2018,,53486.83984375,82896696,8,""
Germany,2019,,53929.640625,83148144,8,""
Ghana,2010,68.83,3828.41943359375,25574722,11,""
Middle East and North Africa,2019,,16039.8369140625,,19.5190467834473,none
Ghana,2012,60.36,4548.57958984375,26858760,11,""
Ghana,2013,45.6,4769.07275390625,27525586,14,""
Ghana,2011,,4261.62060546875,26205940,11,""
Ghana,2014,,4794.14697265625,28196356,14,""
Ghana,2015,,4785.99462890625,28870946,14,""
Ghana,2016,,4837.5380859375,29554298,14,""
Ghana,2017,,5115.90673828125,30222266,14,""
Ghana,2018,,5315.25390625,30870648,14,""
Ghana,2019,,5540.04541015625,31522294,13,""
Greece,2011,10.5,30318.404296875,11004730,11,""
Greece,2012,9.51,28322.572265625,10963633,11,""
Greece,2013,8.77,27810.912109375,10914501,14,""
Greece,2014,9.53,28129.9609375,10862972,13,""
Greece,2015,8.29,28260.38671875,10806644,13,""
Greece,2016,8.11,28239.919921875,10749742,13,""
Greece,2017,7.12,28604.861328125,10692230,12.5,""
Greece,2018,,29141.173828125,10633275,12.5,""
Greece,2019,,29698.03125,10574026,4,""
Grenada,2010,,13412.79296875,114058,14,""
Grenada,2011,,13444.6484375,114933,14,""
Grenada,2012,,13206.974609375,115930,14,""
Grenada,2013,,13427.5517578125,116954,15,""
Grenada,2014,,14317.326171875,117986,15,""
Grenada,2015,,15142.0625,118994,15,""
Grenada,2016,,15614.2978515625,119973,15,""
Grenada,2017,,16217.5,120934,15,""
Grenada,2018,,16827.48828125,121853,15,""
Grenada,2019,,16867.572265625,122737,12,""
Guatemala,2018,,8462.171875,16850176,15,""
Guatemala,2019,,8653.30859375,17106338,15,""
Guinea,2014,,2061.69482421875,11333362,15,""
Guinea,2015,,2087.93505859375,11626003,15,""
Guinea,2016,,2253.47778320313,11930991,15,""
Guinea,2017,,2417.8037109375,12240791,15,""
Guinea,2018,,2499.70727539063,12554871,15,""
Guinea,2019,,2567.03393554688,12877537,15,""
Guinea-Bissau,2011,,1839.69274902344,1609025,8.5,""
Guinea-Bissau,2012,,1760.88403320313,1652720,8.5,""
Guinea-Bissau,2013,,1770.47619628906,1697757,8.5,""
Guinea-Bissau,2014,,1740.89672851563,1743318,8.5,""
Guinea-Bissau,2015,,1800.06335449219,1788931,8.5,""
Guinea-Bissau,2016,,1864.26306152344,1834554,8.5,""
Guinea-Bissau,2017,,1925.23779296875,1879835,8.5,""
Guinea-Bissau,2018,,1901.93176269531,1924954,8.5,""
Guinea-Bissau,2019,,1939.28955078125,1970460,8.5,""
Guyana,2012,,10780.9365234375,743970,18,""
Guyana,2013,,11117.5224609375,747424,18,""
Guyana,2014,,11244.3974609375,751126,18,""
Guyana,2015,,11261.779296875,755043,18,""
Guyana,2016,,11631.056640625,759097,18,""
Guyana,2017,,12005.4052734375,763265,18,""
Guyana,2018,,12477.5810546875,785518,18,""
Guyana,2019,,13082.181640625,798761,18,""
High income,2011,,45052.82421875,,16.9203701019287,""
High income,2012,,45389.6875,,17.1218185424805,""
High income,2013,,45792.7734375,,16.3333339691162,""
High income,2014,,46507.42578125,,15.0087718963623,""
High income,2015,,47400.47265625,,12.4245615005493,""
High income,2016,,48002.35546875,,12.3157892227173,""
High income,2017,,48896.61328125,,11.6228065490723,""
High income,2018,,49817.109375,,11.9396553039551,""
High income,2019,,50491.82421875,,10.9689655303955,""
Hong Kong,2016,16.28,58096.30078125,7435925,1.5,""
Hong Kong,2010,,51360.96875,7132437,6,""
Hong Kong,2011,,53472.9921875,7175370,2.5,""
Hong Kong,2012,,53785.15234375,7234062,2.5,""
Hong Kong,2013,,55230.859375,7296820,2.5,""
Hong Kong,2014,,56359.30078125,7352180,2.5,""
Hong Kong,2015,,57215.94921875,7399845,1.5,""
Hong Kong,2017,,59849.25,7461508,1.5,""
Hong Kong,2018,,61062.94921875,7481563,1.5,""
Hong Kong,2019,,59586.203125,7496121,1.5,""
Hungary,2010,13.82,24486.041015625,9986832,5,""
Hungary,2011,19.54,25012.294921875,9953247,5,""
Hungary,2012,12.96,24825.580078125,9922133,7,""
Hungary,2013,13.73,25343.712890625,9894637,7,""
Hungary,2014,13.89,26485.412109375,9867906,7,""
Hungary,2015,14.75,27531.64453125,9844250,7,""
Hungary,2016,15.11,28218.279296875,9815106,7,""
Hungary,2017,,29501.12109375,9788940,7,""
Hungary,2018,,31121.666015625,9776361,7,""
Hungary,2019,,32553.6953125,9771799,7,""
Iceland,2010,15.71,47457.62109375,318346,5,""
Iceland,2011,,48186.16796875,319308,4.5,""
Iceland,2012,,48440.25390625,320988,4.5,""
Iceland,2013,,50168.6875,324036,4.5,""
Iceland,2014,,50450.7421875,327650,12,""
Iceland,2015,,52142.93359375,331068,12,""
Iceland,2016,,54665.765625,335677,11.5,""
Iceland,2017,,55638.4921875,343641,11.5,""
Iceland,2018,,56818.1953125,352951,11.5,""
Iceland,2019,,56935.7734375,360787,11.5,""
India,2018,,6518.84521484375,1369003264,16.5,""
India,2019,,6713.93212890625,1383112064,17.5,""
Indonesia,2019,,11811.9755859375,269582880,12.6000003814697,""
Ireland,2012,5.43,53045.65234375,4564550,16,""
Ireland,2013,12.59,53435.640625,4588830,16,""
Ireland,2014,7.16,57668.75390625,4622165,12,""
Ireland,2015,14.57,71508.734375,4665764,12,""
Ireland,2016,12.89,72150.0390625,4715791,11,""
Ireland,2017,11.92,77749.203125,4771860,11,""
Ireland,2018,,83726.359375,4834506,11,""
Ireland,2019,,86650.0078125,4896021,11,""
Israel,2010,13.45,33864.23046875,7328439,18,""
Israel,2013,23.97,36423.19140625,7726675,12,""
Israel,2015,21.59,37306.1328125,8007777,12,""
Israel,2016,20.61,38214.484375,8159015,11,""
Israel,2017,26.42,39121.296875,8309256,11,""
Israel,2011,,35086.7265625,7459750,18,""
Israel,2014,,37204.50390625,7863849,12,""
Israel,2018,,39903.421875,8456487,11,""
Pakistan,2013,,4069.267578125,205337552,20,Fast
Pakistan,2014,,4171.2919921875,208251632,20,Fast
Pakistan,2015,,4278.3466796875,210969296,20,Fast
Pakistan,2016,,4421.58203125,213524848,20,Fast
Israel,2019,,40626.21484375,8607922,11,""
Italy,2010,3.97,42664.35546875,59822452,12.5,""
Italy,2012,10.76,41501.7109375,60190152,12.5,""
Italy,2013,9.8,40268.11328125,60312600,12.5,""
Italy,2014,11.4,39898.52734375,60322792,11.5,""
Italy,2015,8.15,40247.828125,60232908,11,""
Italy,2016,10.06,40837.73828125,60118628,11,""
Italy,2017,10.25,41581.12109375,60004024,11,""
Italy,2011,,42892.3046875,60025952,12.5,""
Italy,2018,,42045.921875,59877432,11,""
Italy,2019,,42708.03515625,59727936,11,""
Jamaica,2010,38.12,9435.7607421875,2733904,8,""
Jamaica,2011,19.45,9546.494140625,2746169,7,""
Jamaica,2013,39.51,9427.6787109375,2773134,6,""
Jamaica,2014,35.33,9438.4765625,2784542,15,""
Jamaica,2016,37.9,9553.0966796875,2802699,10,""
Jamaica,2012,,9433.845703125,2759819,7,""
Jamaica,2015,,9473.1064453125,2794455,3,""
Jamaica,2017,,9600.1044921875,2808388,3,""
Jamaica,2018,,9734.8623046875,2811842,3,""
Jamaica,2019,,9777.005859375,2813776,3,""
Japan,2013,4.09,39569.63671875,127678920,11.6000003814697,""
Japan,2014,2.52,39739.54296875,127476728,11.1000003814697,""
Japan,2017,3.67,41505.08203125,126662464,11.1000003814697,""
Japan,2015,,40402.58203125,127250936,11.1999998092651,""
Japan,2016,,40754.1015625,126993856,11.1000003814697,""
Japan,2018,,41821.70703125,126255872,11.1000003814697,""
Japan,2019,,42022.48828125,125791680,11.1000003814697,""
Jordan,2016,16.39,10036.5439453125,9964659,12.5,""
Jordan,2010,,11315.5029296875,6931263,12.5,""
Jordan,2011,,11016.3955078125,7109980,12.5,""
Jordan,2012,,10688.2890625,7211866,12.5,""
Jordan,2013,,10414.9208984375,7694818,12.5,""
Jordan,2014,,10284.669921875,8658030,12.5,""
Jordan,2015,,10145.8369140625,9494250,12.5,""
Jordan,2017,,10003.5751953125,10215384,12.5,""
Jordan,2018,,10013.3974609375,10459864,12.5,""
Jordan,2019,,10071.3798828125,10698682,12.5,""
Kazakhstan,2014,15.41,24355.755859375,17592296,16,""
Kazakhstan,2015,17.49,24290.41796875,17835908,11,""
Kazakhstan,2016,16.77,24210.86328125,18078558,9,""
Kazakhstan,2017,46.22,24862.966796875,18314822,9,""
Kazakhstan,2013,,23720.81640625,17345734,18,""
Kazakhstan,2018,,25544.345703125,18538100,5,""
Kazakhstan,2019,,26351.8046875,18754260,5,""
Kosovo,2014,6.31,8796.6298828125,1777812,10,""
Kosovo,2015,,9445.10546875,1759122,10,""
Kosovo,2016,,10031.0439453125,1750724,6,""
Kosovo,2017,,10436.1689453125,1731670,5.5,""
Kosovo,2018,,10755.16796875,1709966,5.5,""
Kosovo,2019,,11318.4619140625,1686856,4.5,""
Kyrgyzstan,2010,,4141.0771484375,5483781,14,""
Kyrgyzstan,2011,,4334.66064453125,5552339,14,""
Kyrgyzstan,2012,,4259.318359375,5631955,14,""
Kyrgyzstan,2013,,4631.4033203125,5719561,10,""
Kyrgyzstan,2014,,4722.0859375,5814426,10,""
Kyrgyzstan,2015,,4805.14111328125,5914985,10,""
Kyrgyzstan,2016,,4912.38232421875,6018303,10,""
Kyrgyzstan,2017,,5046.69140625,6121266,10,""
Kyrgyzstan,2018,,5133.15185546875,6223503,10,""
Kyrgyzstan,2019,,5258.36669921875,6323643,10,""
Latvia,2010,21.35,21176.279296875,2101537,15.5,""
Latvia,2011,24.83,22118.41015625,2076974,15.5,""
Latvia,2012,21.85,23970.435546875,2053635,15.5,""
Pakistan,2017,,4571.205078125,216379648,19.5,none
Latvia,2013,22.69,24715.720703125,2031491,12.5,""
Latvia,2015,22.24,26628.458984375,1991951,5.5,""
Latvia,2016,18.94,27509.173828125,1973477,5.5,""
Latvia,2017,17.32,28673.5625,1954861,5.5,""
Latvia,2014,,25423.64453125,2011040,12.5,""
Latvia,2018,,30050.716796875,1935632,5.5,""
Latvia,2019,,31012.134765625,1916552,5.5,""
Lebanon,2015,43.95,16358.3759765625,6398941,15,""
Lebanon,2016,40.5,16167.7333984375,6258628,15,""
Lebanon,2017,32.52,16043.060546875,6109255,15,""
Lebanon,2010,,19499.4140625,4995799,15,""
Lebanon,2011,,18727.24609375,5045061,15,""
Lebanon,2012,,18039.251953125,5178338,15,""
Palestine,2012,35.61,5985.68310546875,4184161,49.5,none
Lebanon,2013,,17537.83984375,5678859,15,""
Lebanon,2014,,16969.37109375,6274345,15,""
Lebanon,2018,,15677.9384765625,5950842,15,""
Lebanon,2019,,14563.6826171875,5781912,15,""
Lesotho,2019,,2583.92431640625,2225710,15,""
Liberia,2011,,1535.97717285156,4181148,7,""
Liberia,2012,,1611.34545898438,4331749,7,""
Liberia,2013,,1704.87866210938,4427319,6,""
Liberia,2014,,1673.05590820313,4519410,6,""
Liberia,2015,,1630.58435058594,4612330,6,""
Liberia,2016,,1565.13732910156,4706106,6,""
Liberia,2017,,1564.19763183594,4796632,6,""
Liberia,2018,,1543.96911621094,4889396,18,""
Liberia,2019,,1469.76391601563,4985290,18,""
Lithuania,2013,22.43,28589.02734375,3028191,8.5,""
Lithuania,2014,19.65,29855.83203125,2994928,5.5,""
Lithuania,2015,,30748.197265625,2963764,5.5,""
Lithuania,2016,,31925.802734375,2933676,5.5,""
Lithuania,2017,,33761.87109375,2904452,5.5,""
Lithuania,2018,,35446.70703125,2876128,5.5,""
Lithuania,2019,,37166.2109375,2849083,5.5,""
Luxembourg,2013,14.13,113050.6640625,543068,16.5,""
Luxembourg,2014,11.86,113313.578125,556075,16.5,""
Luxembourg,2015,13.48,113182.7265625,569415,16.5,""
Luxembourg,2016,11.92,116283.703125,583355,16.5,""
Romania,2019,,29875.0625,19524212,20,Fast
Luxembourg,2017,10.98,114985.84375,596290,16.5,""
Luxembourg,2010,,114343.984375,507075,16.5,""
Luxembourg,2011,,112998.390625,518207,16.5,""
Luxembourg,2012,,112137.1328125,530596,16.5,""
Luxembourg,2018,,115049.9296875,607920,16.5,""
Luxembourg,2019,,116518.2734375,619981,16.5,""
Madagascar,2017,39.84,1584.42456054688,26169540,8,""
Madagascar,2010,,1553.40502929688,21731052,12,""
Madagascar,2011,,1534.93994140625,22348158,12,""
Madagascar,2012,,1538.51672363281,22966242,12,""
Madagascar,2013,,1531.77856445313,23588078,12,""
Madagascar,2014,,1540.74499511719,24215980,12,""
Madagascar,2015,,1546.76721191406,24850912,13,""
Madagascar,2016,,1565.86767578125,25501944,12,""
Madagascar,2018,,1591.96655273438,26846544,8,""
Madagascar,2019,,1618.61791992188,27533134,8,""
Malaysia,2010,5.07,20536.373046875,28717728,17.5,""
Malaysia,2011,8.73,21289.2578125,29184140,8.5,""
Malaysia,2012,13.34,22132.216796875,29660216,9.5,""
Malaysia,2013,11.82,22855.94921875,30134806,9.5,""
Malaysia,2014,11.63,23906.228515625,30606454,7.5,""
Malaysia,2015,5.61,24787.82421875,31068834,7.5,""
Malaysia,2018,,27577.373046875,32399270,13.5,""
Malaysia,2019,,28421.462890625,32804024,17.5,""
Maldives,2010,,16305.162109375,361579,12,""
Maldives,2011,,17015.150390625,374450,12,""
Maldives,2012,,16708.4765625,387552,12,""
Maldives,2013,,17133.099609375,400741,12,""
Maldives,2014,,17567.724609375,416746,12,""
Maldives,2015,,17283.97265625,435590,12,""
Maldives,2016,,17583.587890625,454263,12,""
Maldives,2017,,18057.91015625,472449,12,""
Maldives,2018,,18793.845703125,489773,12,""
Maldives,2019,,19510.4921875,504518,12,""
Mali,2010,,2082.9619140625,15529183,8,""
Mali,2011,,2085.4208984375,16039734,8,""
Mali,2012,,2007.80688476563,16514689,8,""
Mali,2013,,1995.15930175781,17004038,11,""
Mali,2014,,2075.40063476563,17551824,11,""
Mali,2015,,2139.736328125,18112910,8.5,""
Mali,2016,,2198.56030273438,18700108,8.5,""
Mali,2017,,2246.79736328125,19311356,11,""
Mali,2018,,2283.70239257813,19934304,11,""
Mali,2019,,2321.7021484375,20567430,11,""
Malta,2017,,42644.08203125,479507,16,""
Malta,2018,,43313.5078125,491590,16,""
Marshall Islands,2010,,3595.1748046875,53431,17,""
Marshall Islands,2011,,3562.85717773438,52991,17,""
Marshall Islands,2012,,3469.54223632813,52223,17,""
Marshall Islands,2013,,3594.93872070313,51372,17,""
Marshall Islands,2014,,3545.20727539063,50440,17,""
Marshall Islands,2015,,3586.05639648438,49426,17,""
Marshall Islands,2016,,3615.59008789063,48354,17,""
Marshall Islands,2017,,3711.89599609375,47204,17,""
Marshall Islands,2018,,3820.95825195313,46012,17,""
Marshall Islands,2019,,4048.57934570313,44750,17,""
Mauritania,2014,,4908.10791015625,3843181,8,""
Mauritania,2015,,5024.46728515625,3946225,8,""
Mauritania,2016,,4944.56884765625,4051896,8,""
Mauritania,2017,,5108.54931640625,4160018,6,""
Mauritania,2018,,5193.3935546875,4270717,6,""
Mauritania,2019,,5343.998046875,4383853,6,""
Mauritius,2010,,16797.81640625,1283347,6.5,""
Mauritius,2011,,17454.779296875,1286239,6.5,""
Mauritius,2012,,18014.990234375,1288753,6.5,""
Mauritius,2013,,18579.375,1290698,6.5,""
Mauritius,2014,,19240.224609375,1292112,6.5,""
Mauritius,2015,,19897.474609375,1293159,6.5,""
Mauritius,2016,,20646.93359375,1293909,6.5,""
Mauritius,2017,,21415.115234375,1294743,5.5,""
Mauritius,2018,,22208.138671875,1295386,5,""
Mauritius,2019,,22869.755859375,1296284,4.5,""
Mexico,2013,16.93,18600.37109375,117290680,8.39999961853027,""
Mexico,2014,17.4,18887.568359375,118755888,8.39999961853027,""
Mexico,2015,13.69,19268.9140625,120149896,8.39999961853027,""
Mexico,2017,13.2,19721.26171875,122839256,8.39999961853027,""
Mexico,2016,,19539.26171875,121519224,8.39999961853027,""
Mexico,2018,,19928.396484375,124013864,8.39999961853027,""
Mexico,2019,,19677.275390625,125085312,8.39999961853027,""
Micronesia (country),2010,,3659.638671875,107606,16,""
Micronesia (country),2011,,3756.90869140625,107897,16,""
Micronesia (country),2012,,3649.44970703125,108248,16,""
Micronesia (country),2013,,3468.16650390625,108616,16,""
Micronesia (country),2014,,3340.20288085938,109039,16,""
Micronesia (country),2015,,3448.3037109375,109477,16,""
Micronesia (country),2016,,3437.38989257813,109934,16,""
Micronesia (country),2017,,3490.13037109375,110441,16,""
Micronesia (country),2018,,3460.90893554688,110945,16,""
Micronesia (country),2019,,3465.54028320313,111392,16,""
Moldova,2010,,8550.1708984375,3678186,10,""
Moldova,2011,,9052.8662109375,3595135,9,""
Moldova,2012,,9000.6591796875,3507197,9,""
Moldova,2013,,9817.2958984375,3416532,7,""
Moldova,2014,,10314.4091796875,3338338,7,""
Moldova,2015,,10360.830078125,3277390,6,""
Moldova,2016,,10942.55078125,3225125,6,""
Moldova,2017,,11651.3173828125,3180515,5,""
Moldova,2018,,12363.146484375,3141839,4,""
Moldova,2019,,13026.515625,3109496,4,""
Mongolia,2010,,7470.78076171875,2702527,17,""
Mongolia,2011,,8602.94921875,2743946,17,""
Mongolia,2012,,9476.92578125,2792354,16,""
Mongolia,2013,,10371.2890625,2845160,16,""
Mongolia,2014,,10967.111328125,2902826,16,""
Mongolia,2015,,11009.71484375,2964756,12,""
Mongolia,2016,,10961.9677734375,3029559,12,""
Mongolia,2017,,11366.3037109375,3096033,12,""
Mongolia,2018,,12028.6357421875,3163994,12,""
Mongolia,2019,,12486.0771484375,3232435,12,""
Uzbekistan,2012,,5472.83349609375,29503058,11,""
Eritrea,2015,,,3340005,84,Slow
Saint Kitts and Nevis,2010,,22223.9140625,47429,19,""
Saint Kitts and Nevis,2011,,22432.98828125,47605,19,""
Saint Kitts and Nevis,2012,,21740.146484375,47754,19,""
Montenegro,2010,31.86,16764.33984375,631048,12,""
Montenegro,2011,,17287.400390625,631801,12,""
Montenegro,2012,,16802.3828125,633053,12,""
Montenegro,2013,,17381.72265625,633951,12,""
Montenegro,2014,,17674.603515625,634301,12,""
Montenegro,2015,,18263.58984375,633969,12,""
Montenegro,2016,,18797.8828125,633264,12,""
Montenegro,2017,,19682.265625,632445,12,""
Montenegro,2018,,20686.560546875,631459,12,""
Montenegro,2019,,21533.931640625,630403,12,""
Morocco,2015,30.18,7126.2841796875,34680456,10.5,""
Morocco,2016,36.23,7105.85595703125,35107272,10,""
Morocco,2017,26.64,7312.056640625,35528116,9,""
Morocco,2010,,6281.12353515625,32464866,12,""
Morocco,2011,,6522.02001953125,32903708,12,""
Morocco,2012,,6625.10400390625,33352166,12,""
Morocco,2013,,6827.8525390625,33803528,11.5,""
Morocco,2014,,6911.80322265625,34248608,11.5,""
Morocco,2018,,7446.93603515625,35927516,9,""
Morocco,2019,,7546.7548828125,36304408,9,""
Mozambique,2017,,1283.65991210938,28569448,17,""
Mozambique,2018,,1289.73596191406,29423882,17,""
Mozambique,2019,,1281.78002929688,30285602,17,""
Myanmar,2015,,3663.14233398438,51483956,16,""
Myanmar,2016,,4020.24291992188,51892352,14,""
Myanmar,2017,,4224.544921875,52288344,14,""
Myanmar,2018,,4467.8583984375,52666016,14,""
Myanmar,2019,,4739.71044921875,53040212,7,""
Nepal,2013,,3033.78076171875,27381558,17,""
Nepal,2014,,3217.44848632813,27462110,17,""
Nepal,2015,,3331.87182617188,27610328,17,""
Nepal,2016,,3315.814453125,27861186,17,""
Nepal,2017,,3565.19775390625,28183424,18.5,""
Nepal,2018,,3773.7158203125,28506718,18.5,""
Netherlands,2010,5.47,52032.98828125,16617121,8,""
Netherlands,2011,8.5,52594.23046875,16701470,8,""
Netherlands,2012,8.63,51860.0546875,16785296,5,""
Netherlands,2013,9.08,51640.078125,16867352,4,""
Netherlands,2014,9.29,52186.99609375,16954080,3.5,""
Netherlands,2015,9.43,52974.1171875,17041110,3.5,""
Netherlands,2016,7.4,53847.828125,17124512,3.5,""
Netherlands,2017,8.11,55088.6328125,17207204,3.5,""
Netherlands,2018,,56060.9140625,17286042,3.5,""
Netherlands,2019,,56784.0390625,17363260,3.5,""
New Zealand,2010,,37657.14453125,4346345,0.5,""
New Zealand,2011,,38214.47265625,4381274,0.5,""
New Zealand,2012,,38857.1171875,4410285,0.5,""
New Zealand,2013,,39599.1875,4450641,0.5,""
New Zealand,2014,,40432.2421875,4514198,0.5,""
New Zealand,2015,,41086.1171875,4590591,0.5,""
New Zealand,2016,,41672.1015625,4668088,0.5,""
New Zealand,2017,,42285.3203125,4746253,0.5,""
New Zealand,2018,,42866.12890625,4838528,0.5,""
Saudi Arabia,2016,23.88,48625.84375,33416272,19.2999992370605,none
New Zealand,2019,,42877.94140625,4959033,0.5,""
Nicaragua,2014,,5443.23583984375,6208680,14,""
Nicaragua,2015,,5630.2958984375,6298610,14,""
Nicaragua,2016,,5811.80517578125,6389237,14,""
Nicaragua,2017,,6004.01416015625,6480534,14,""
Nicaragua,2018,,5729.67529296875,6572234,14,""
Nicaragua,2019,,5451.66552734375,6663919,14,""
Niger,2010,,1036.16076660156,16647545,18,""
Niger,2011,,1020.2646484375,17283118,18,""
Niger,2012,,1084.76440429688,17954410,18,""
Niger,2013,,1098.64379882813,18653204,18,""
Niger,2014,,1126.80541992188,19372012,16,""
Niger,2015,,1131.51916503906,20128132,16,""
Niger,2016,,1151.17626953125,20921748,11,""
Niger,2017,,1163.22619628906,21737924,8,""
Niger,2018,,1200.40234375,22577060,10,""
Niger,2019,,1224.37512207031,23443400,10,""
Nigeria,2017,,5190.35595703125,193495904,18.8999996185303,""
Nigeria,2018,,5155.076171875,198387616,10.8999996185303,""
Nigeria,2019,,5135.49951171875,203304496,7.19999980926514,""
North America,2010,,53386.15625,543052879,5.5,""
North America,2011,,53877.70703125,548684151,5.5,""
North America,2012,,54644.75,554435782,5.5,""
North America,2013,,55268.98046875,560056144,5.84999990463257,""
North America,2014,,56250.78515625,565486685,5.55000019073486,""
North America,2015,,57440.3984375,570726015,3.54999995231628,""
North America,2016,,57944.19921875,576008328,3.54999995231628,""
North America,2017,,58922.11328125,581258143,3.54999995231628,""
North America,2018,,60303.73046875,585864285,3.54999995231628,""
North America,2019,,61251.44921875,590497015,2.84999990463257,""
North Macedonia,2010,26.69,13514.9814453125,2093828,16,""
North Macedonia,2012,27.74,13727.7724609375,2099486,15,""
North Macedonia,2013,29.11,14108.8916015625,2102220,15,""
North Macedonia,2015,23.32,15139.251953125,2107965,15,""
North Macedonia,2016,24.85,15553.439453125,2110194,15,""
North Macedonia,2011,,13807.4658203125,2097110,16,""
North Macedonia,2014,,14596.6005859375,2105293,15,""
North Macedonia,2017,,15706.4443359375,2111982,15,""
North Macedonia,2018,,16145.5361328125,2113497,15,""
North Macedonia,2019,,16773.041015625,2114175,15,""
Norway,2010,7.56,61353.4765625,4889747,6,""
Norway,2011,8.67,61157.12890625,4953565,6,""
Norway,2012,4.91,61990.69140625,5019058,6,""
Norway,2013,5.23,61878.9765625,5080667,6,""
Norway,2014,4.99,62390.12890625,5137926,5,""
Norway,2015,4.78,62987.515625,5190357,4,""
Norway,2016,,63104.08203125,5236591,4,""
Norway,2017,,64050.7578125,5277396,4,""
Norway,2018,,64341.2578125,5312321,4,""
Norway,2019,,64385.0078125,5348285,4,""
Oman,2010,,38678.96484375,2881915,13.3999996185303,""
Oman,2011,,37231.91796875,3206883,9.30000019073486,""
Oman,2012,,37670.65234375,3535585,9.30000019073486,""
Oman,2013,,36831.07421875,3816688,9.30000019073486,""
Oman,2014,,34875.78125,4009272,9.30000019073486,""
Oman,2015,,34564.921875,4191784,9.30000019073486,""
Oman,2016,,34591.71484375,4398080,7.30000019073486,""
Oman,2017,,33308.484375,4541853,4.30000019073486,""
Oman,2018,,32594.689453125,4601160,4.30000019073486,""
Oman,2019,,31284.015625,4602769,4.30000019073486,""
Pakistan,2018,,4739.47265625,219731488,16.5,""
Pakistan,2019,,4697.7265625,223293280,16.5,""
Panama,2011,20.93,23349.166015625,3688679,8,""
Panama,2012,12.05,25196.314453125,3754871,7,""
Panama,2013,26.96,26480.5625,3821557,6,""
Panama,2014,19.67,27352.51953125,3888795,6,""
Panama,2015,13.94,28430.984375,3957102,6,""
Panama,2016,9.68,29332.376953125,4026338,6,""
Panama,2017,20.8,30446.849609375,4096071,6,""
Panama,2010,,21343.333984375,3623622,9,""
Panama,2018,,31039.072265625,4165258,6,""
Panama,2019,,31440.263671875,4232538,6,""
Portugal,2010,8.76,31798.154296875,10588401,7,""
Portugal,2011,12.17,31304.81640625,10564820,7,""
Portugal,2012,14.37,30156.701171875,10522085,7,""
Portugal,2013,13.24,30042.890625,10464537,6,""
Portugal,2014,15.81,30444.599609375,10408379,6,""
Portugal,2015,16.17,31118.791015625,10365436,6,""
Portugal,2016,13.26,31847.537109375,10332751,6,""
Portugal,2017,,33044.71484375,10307528,6.5,""
Portugal,2018,,34040.7265625,10289833,6.5,""
Portugal,2019,,34945.66015625,10289921,6.5,""
Puerto Rico,2013,13.08,33922.16796875,3615028,6,""
Puerto Rico,2014,12.45,34070.26171875,3560008,6,""
Puerto Rico,2015,11.12,34311.0390625,3497335,6,""
Puerto Rico,2016,19.39,34539.59375,3432745,5.5,""
Puerto Rico,2017,18.3,34363.75390625,3366407,5.5,""
Puerto Rico,2010,,32960.69921875,3717920,7,""
Puerto Rico,2011,,33224.57421875,3691615,6,""
Puerto Rico,2012,,33638.875,3657989,6,""
Puerto Rico,2018,,34299.3671875,3319269,5.5,""
Puerto Rico,2019,,34804.9453125,3292888,5.5,""
Qatar,2014,50.36,95578.2578125,2214471,9.69999980926514,""
Qatar,2016,38.94,95601.8046875,2595175,9.69999980926514,""
Qatar,2017,15.69,91738.75,2711764,9.69999980926514,""
Qatar,2010,,95908.3125,1713512,10.6999998092651,""
Qatar,2011,,99147.2890625,1804175,9.69999980926514,""
Qatar,2012,,96261.484375,1905670,9.69999980926514,""
Qatar,2013,,95499.90625,2035509,9.69999980926514,""
Qatar,2015,,95965.25,2414580,9.69999980926514,""
Qatar,2018,,90970.0625,2766743,8.69999980926514,""
Qatar,2019,,89966.453125,2807242,8.69999980926514,""
Romania,2010,8.59,20303.1484375,20335212,8,""
Romania,2011,24.66,20792.16015625,20220286,12,""
Romania,2012,27.02,21311.119140625,20137112,8,""
Romania,2013,23.65,22197.0234375,20066550,8,""
Romania,2014,31.7,23084.359375,19995836,8,""
Romania,2015,29.01,23878.171875,19906078,8,""
Romania,2016,,25144.99609375,19797820,12,""
Romania,2017,,27141.900390625,19698852,12,""
Russia,2013,2.6,26332.396484375,143956864,13.1999998092651,""
Russia,2014,3.53,26057.15625,144285072,11.5,""
South Asia,2012,,4397.798828125,,19.2999992370605,none
Russia,2016,2.12,25490.708984375,145109152,10.1000003814697,""
Russia,2015,,25488.095703125,144668384,10.8000001907349,""
Russia,2017,,25926.443359375,145452544,10.1000003814697,""
Russia,2018,,26656.41015625,145652288,10.1000003814697,""
Russia,2019,,27210.546875,145742288,10.1000003814697,""
Rwanda,2010,,1507.1650390625,10309032,7,""
Rwanda,2011,,1586.96118164063,10576932,7,""
Rwanda,2012,,1682.20654296875,10840331,8,""
Rwanda,2013,,1718.93579101563,11101352,7,""
Rwanda,2014,,1780.14501953125,11368450,7,""
Rwanda,2015,,1889.15808105469,11642963,6,""
Rwanda,2016,,1950.52624511719,11930902,4,""
Rwanda,2017,,1975.24865722656,12230343,4,""
Rwanda,2018,,2088.74926757813,12531810,4,""
Rwanda,2019,,2227.51708984375,12835029,4,""
Saint Kitts and Nevis,2013,,22707.08203125,47793,18.5,""
Saint Kitts and Nevis,2014,,23921.240234375,47816,18.5,""
Saint Kitts and Nevis,2015,,23966.498046875,47814,18.5,""
Saint Kitts and Nevis,2016,,26953.0625,47814,18.5,""
Saint Kitts and Nevis,2017,,26982.9296875,47811,18.5,""
Saint Kitts and Nevis,2018,,27499.02734375,47787,18.5,""
Saint Kitts and Nevis,2019,,28602.9765625,47739,18.5,""
Saint Lucia,2010,,14137.58984375,170950,14,""
Saint Lucia,2011,,14789.966796875,172157,11,""
Saint Lucia,2012,,14667.1611328125,173139,11,""
Saint Lucia,2013,,14133.484375,173992,11,""
Saint Lucia,2014,,14317.3564453125,174814,11,""
Saint Lucia,2015,,14057.607421875,175638,11,""
Saint Lucia,2016,,14497.595703125,176429,11,""
Saint Lucia,2017,,14928.396484375,177175,11,""
Saint Lucia,2018,,15286.279296875,177894,11,""
Saint Lucia,2019,,15200.8720703125,178594,11,""
Saint Vincent and the Grenadines,2010,,11447.6171875,109324,10,""
Saint Vincent and the Grenadines,2011,,11393.62109375,108722,10,""
Saint Vincent and the Grenadines,2012,,11537.9580078125,108105,10,""
Saint Vincent and the Grenadines,2013,,11729.564453125,107469,10,""
Saint Vincent and the Grenadines,2014,,11845.0078125,106934,10,""
Saint Vincent and the Grenadines,2015,,11973.353515625,106493,10,""
Saint Vincent and the Grenadines,2016,,12163.67578125,105971,10,""
Saint Vincent and the Grenadines,2017,,12245.1259765625,105568,10,""
Saint Vincent and the Grenadines,2018,,12466.0009765625,105297,10,""
Togo,2013,,1805.48889160156,7106238,19,""
Saint Vincent and the Grenadines,2019,,12489.1708984375,104940,10,""
Samoa,2010,,6010.083984375,194686,9,""
Samoa,2011,,6205.81982421875,196364,9,""
Samoa,2012,,5901.34765625,198131,9,""
Samoa,2013,,5831.095703125,199952,9,""
Samoa,2014,,5788.3681640625,201769,9,""
Samoa,2015,,5996.84228515625,203586,9,""
Samoa,2016,,6449.82958984375,205559,9,""
Samoa,2017,,6489.77685546875,207642,9,""
Samoa,2018,,6384.58251953125,209715,9,""
Samoa,2019,,6631.5869140625,211915,9,""
San Marino,2015,,58061.85546875,33593,12.5,""
San Marino,2016,,59009.796875,33860,12.5,""
San Marino,2017,,58867.01171875,34081,12.5,""
San Marino,2018,,59576.4296875,34179,12.5,""
San Marino,2019,,60847.10546875,34203,11.5,""
Sao Tome and Principe,2011,,3426.32470703125,186058,11,""
Sao Tome and Principe,2012,,3461.32739257813,189936,8,""
Sao Tome and Principe,2013,,3558.4365234375,193765,8,""
Sao Tome and Principe,2014,,3720.78686523438,197511,7,""
Sao Tome and Principe,2015,,3794.35864257813,201142,7,""
Sao Tome and Principe,2016,,3878.82983398438,204640,7,""
Sao Tome and Principe,2017,,3952.9453125,208050,7,""
Sao Tome and Principe,2018,,3993.27880859375,211358,7,""
Sao Tome and Principe,2019,,4005.34155273438,214612,7,""
Saudi Arabia,2017,30.85,47306.22265625,34193120,17.7999992370605,""
Saudi Arabia,2018,,47592.765625,35018132,17.7999992370605,""
Saudi Arabia,2019,,46962.1484375,35827364,10.3999996185303,""
Senegal,2015,66.64,2966.45532226563,14356191,6,""
Senegal,2010,,2797.11010742188,12530128,9,""
Senegal,2011,,2757.07934570313,12875878,6,""
Senegal,2012,,2788.67138671875,13231840,6,""
Senegal,2013,,2777.11181640625,13595571,6,""
Senegal,2014,,2868.31591796875,13970314,6,""
Senegal,2016,,3067.66552734375,14751356,6,""
Senegal,2017,,3203.90625,15157793,6,""
Senegal,2018,,3309.48608398438,15574910,6,""
Senegal,2019,,3361.46142578125,16000783,6,""
Serbia,2010,,14510.9697265625,7653749,13,""
Serbia,2011,,14923.8076171875,7620925,13,""
Serbia,2012,,14894.2021484375,7591357,12,""
Serbia,2013,,15399.7890625,7566674,12,""
Serbia,2014,,15226.326171875,7543965,11.5,""
Serbia,2015,,15578.208984375,7519501,11.5,""
Serbia,2016,,16182.828125,7493288,6.5,""
Serbia,2017,,16611.0234375,7464882,5.5,""
Serbia,2018,,17452.802734375,7433825,5.5,""
Serbia,2019,,18306.78515625,7401056,7,""
Sierra Leone,2010,,1406.17541503906,6436699,12,""
Sierra Leone,2011,,1461.35522460938,6612390,12,""
Sierra Leone,2012,,1645.76501464844,6788594,12,""
Sierra Leone,2013,,1942.88000488281,6964867,12,""
Sierra Leone,2014,,1987.06884765625,7140700,12,""
Sierra Leone,2015,,1543.71203613281,7314779,10,""
Sierra Leone,2016,,1602.13305664063,7493918,8,""
Sierra Leone,2017,,1633.73071289063,7677570,8,""
Sierra Leone,2018,,1654.59985351563,7861287,8,""
Sierra Leone,2019,,1705.19140625,8046830,8,""
Singapore,2011,11.75,81538.3671875,5281351,2.5,""
Singapore,2012,16.08,83112.0078125,5381003,2.5,""
Singapore,2013,15.09,85732.8046875,5478063,2.5,""
Singapore,2014,9.44,87959.4140625,5570505,2.5,""
Singapore,2010,,78294.03125,5163585,2.5,""
Singapore,2015,,89519.734375,5650020,2.5,""
Singapore,2016,,91307.5,5711936,2.5,""
Singapore,2017,,95350.4375,5764489,2.5,""
Singapore,2018,,98222.84375,5814543,1.5,""
Singapore,2019,,98411.5859375,5866408,1.5,""
Slovenia,2010,8.73,33350.61328125,2057294,6,""
Slovenia,2011,9.21,33568.06640625,2065457,6,""
Slovenia,2012,13.25,32613.490234375,2069365,6,""
Slovenia,2013,12.37,32234.025390625,2072374,6,""
Slovenia,2014,11.36,33093.75,2074923,6,""
Slovenia,2015,9.11,33799.7265625,2080865,6,""
Slovenia,2016,11.38,34853.04296875,2090020,6,""
Slovenia,2017,14.23,36507.5546875,2098396,6,""
Slovenia,2018,,37984.1328125,2105931,8,""
Slovenia,2019,,38946.68359375,2112905,8,""
Solomon Islands,2012,,2530.75903320313,567771,7,""
Solomon Islands,2013,,2594.46166992188,582369,9,""
Solomon Islands,2014,,2551.40112304688,597386,9,""
Solomon Islands,2015,,2518.6474609375,612670,9,""
Solomon Islands,2016,,2596.5458984375,628110,9,""
Solomon Islands,2017,,2663.939453125,643641,9,""
Solomon Islands,2018,,2697.646484375,659259,9,""
Solomon Islands,2019,,2660.97973632813,675000,9,""
South Asia,2014,,4859.31005859375,,17.25,""
South Asia,2015,,5153.892578125,,16.5,""
South Asia,2016,,5482.1728515625,,16.1875,""
South Asia,2017,,5773.98046875,,16.1000003814697,""
South Asia,2018,,6072.748046875,,14.0625,""
South Asia,2019,,6243.95068359375,,14.5625,""
South Korea,2010,10.09,34394.4921875,48813036,14,""
South Korea,2011,15.74,35388.9765625,49169880,9,""
South Korea,2012,12.98,36049.1953125,49634188,8,""
South Korea,2013,12.07,37021.1328125,50098228,8,""
South Korea,2015,6.62,38828.7421875,50994396,8,""
South Korea,2016,27.47,39814.66015625,51309984,8,""
South Korea,2017,22.79,40957.41796875,51511640,8,""
South Korea,2014,,37967.4765625,50558044,8,""
South Korea,2018,,41965.890625,51676900,8,""
South Korea,2019,,42758.58984375,51803832,8,""
South Sudan,2012,,,10701605,14,""
South Sudan,2013,,,11106037,14,""
South Sudan,2014,,,11213286,14,""
South Sudan,2015,,,11194300,14,""
South Sudan,2016,,,11066116,14,""
South Sudan,2017,,,10658230,13,""
South Sudan,2018,,,10395332,13,""
South Sudan,2019,,,10447677,13,""
Eritrea,2016,,,3365288,84,Slow
Spain,2014,7.09,35968.62109375,46464548,14,""
Spain,2015,5.59,37377.06640625,46431344,14,""
Spain,2016,5.11,38477.578125,46473320,13,""
Spain,2017,5.55,39528.92578125,46584168,13,""
Spain,2018,,40256.953125,46792044,12.5,""
Spain,2019,,40802.48828125,47131372,12.5,""
Sri Lanka,2012,,10712.3974609375,21017150,11,""
Sri Lanka,2013,,10990.0703125,21131762,11,""
Sri Lanka,2014,,11428.107421875,21239448,11,""
Sri Lanka,2015,,11890.5166015625,21336692,10,""
Sri Lanka,2016,,12287.47265625,21425494,9,""
Sri Lanka,2017,,12584.1044921875,21506816,9,""
Sri Lanka,2018,,12860.3212890625,21580712,9,""
Sri Lanka,2019,,13070.1259765625,21649664,8,""
Sweden,2010,8.53,47791.37109375,9381722,16,""
Sweden,2011,9.78,48947.4375,9467384,16,""
Sweden,2012,10.96,48300.84375,9555984,16,""
Sweden,2013,9.53,48462.16015625,9648935,16,""
Sweden,2014,8.47,49258.99609375,9747507,16,""
Sweden,2015,8.44,50928.96484375,9849344,7,""
Sweden,2016,8.36,51334.43359375,9953322,7,""
Sweden,2017,8.08,51947.953125,10058191,7,""
Sweden,2018,,52349.29296875,10162300,7.5,""
Sweden,2019,,52850.5703125,10267922,7.5,""
Switzerland,2010,6.66,65819.734375,7822444,18,""
Switzerland,2011,9.52,66342.0078125,7910988,18,""
Switzerland,2012,7.26,66440.2890625,7995738,18,""
Switzerland,2013,9.78,66877.1640625,8088370,18,""
Switzerland,2014,7.07,67682.6875,8187792,10,""
Switzerland,2015,7.04,68025.921875,8281735,10,""
Switzerland,2016,7.87,68663.2421875,8372902,10,""
Switzerland,2017,10.47,69103.5703125,8451688,10,""
Switzerland,2018,,70597.2890625,8514431,10,""
Switzerland,2019,,70944.3515625,8575593,10,""
Syria,2010,,,22337558,13.5,""
Syria,2011,,,22730734,13.5,""
Syria,2012,,,22605582,13.5,""
Syria,2013,,,21495830,13.5,""
Syria,2014,,,20072232,13.5,""
Syria,2015,,,19205178,13.5,""
Syria,2016,,,18964252,15.5,""
Syria,2017,,,18983370,15.5,""
Syria,2018,,,19333464,15.5,""
Syria,2019,,,20098252,15.5,""
Tajikistan,2010,,2390.02221679688,7621785,16,""
Tajikistan,2011,,2510.1572265625,7784820,13,""
Tajikistan,2012,,2637.654296875,7956383,13,""
Tajikistan,2015,,2984.49487304688,8524066,11,""
Tajikistan,2017,,3252.9326171875,8925529,10,""
Tajikistan,2018,,3415.322265625,9128131,10,""
Tajikistan,2019,,3581.41137695313,9337008,7,""
Thailand,2017,37.36,17422.953125,70898208,6,""
Thailand,2018,,18095.736328125,71127808,6,""
Thailand,2019,,18453.470703125,71307768,6,""
Togo,2014,,1863.28186035156,7288381,10,""
Togo,2015,,1920.46936035156,7473232,10,""
Togo,2016,,1976.80773925781,7661361,6,""
Togo,2017,,2012.24072265625,7852799,6,""
Togo,2018,,2061.33422851563,8046680,5.5,""
Togo,2019,,2121.89990234375,8243093,2.5,""
Tonga,2011,,5541.77197265625,107625,16,""
Tonga,2012,,5632.091796875,107517,16,""
Tonga,2013,,5703.419921875,107105,16,""
Tonga,2014,,5861.46435546875,106639,16,""
Tonga,2015,,5944.45263671875,106140,16,""
Tonga,2016,,6312.326171875,105721,16,""
Tonga,2017,,6467.12451171875,105430,16,""
Tonga,2018,,6411.28955078125,105167,16,""
Tonga,2019,,6378.12841796875,104965,16,""
Trinidad and Tobago,2014,33.91,28796.55859375,1450663,11.5,""
Trinidad and Tobago,2017,,26342.6171875,1478616,10.5,""
Trinidad and Tobago,2018,,26250.373046875,1504707,10.5,""
Trinidad and Tobago,2019,,25827.884765625,1519960,10.5,""
Tunisia,2010,24.12,10789.6123046875,10895063,13,""
Tunisia,2012,21.58,10810.025390625,11174384,13,""
Tunisia,2015,28.8,11112.853515625,11557779,13,""
Tunisia,2011,,10504.734375,11032529,13,""
Tunisia,2013,,10934.876953125,11300284,13,""
Tunisia,2014,,11118.9248046875,11428953,13,""
Tunisia,2016,,11113.7744140625,11685666,13,""
Tunisia,2017,,11234.4892578125,11811441,13,""
Tunisia,2018,,11385.3662109375,11933040,9,""
Tunisia,2019,,11417.126953125,12049319,9,""
Turkey,2010,19.43,20027.666015625,73195352,10.5,""
Turkey,2011,8.54,21932.294921875,74173856,10.5,""
Turkey,2012,14.72,22610.68359375,75277440,10.5,""
Upper middle income,2018,,16847.36328125,,19.4823532104492,none
Turkey,2013,28.06,24117.658203125,76576120,10.5,""
Turkey,2016,30.28,26385.001953125,81019400,10,""
Turkey,2014,,24881.728515625,78112064,11,""
Turkey,2015,,25958.640625,79646176,11,""
Turkey,2017,,27913.818359375,82089824,10,""
Turkey,2018,,28318.435546875,82809304,7,""
Turkey,2019,,28197.248046875,83481688,7,""
Ukraine,2015,,11216.1181640625,44982568,8,""
Ukraine,2016,,11536.31640625,44833568,6.5,""
Ukraine,2017,,11860.560546875,44657260,6.5,""
Ukraine,2018,,12336.9267578125,44446952,6.5,""
Ukraine,2019,,12804.955078125,44211100,6.5,""
United Arab Emirates,2011,2.41,56122.578125,8575210,13.1999998092651,""
United Arab Emirates,2016,48.26,66510.890625,8994266,8.30000019073486,""
United Arab Emirates,2017,56.33,67183.6015625,9068297,8.30000019073486,""
United Arab Emirates,2010,,54921.796875,8481775,15.1999998092651,""
United Arab Emirates,2012,,57389.3203125,8664976,8.19999980926514,""
United Arab Emirates,2013,,59920.15234375,8751853,8.19999980926514,""
United Arab Emirates,2014,,62452.18359375,8835957,8.30000019073486,""
United Arab Emirates,2015,,65267.4140625,8916909,8.30000019073486,""
United Arab Emirates,2018,,66968.21875,9140172,3.79999995231628,""
United Arab Emirates,2019,,68263.671875,9211660,3.79999995231628,""
Venezuela,2011,20.23,,29096158,141,Very slow
Venezuela,2010,,,28715026,141,Very slow
Venezuela,2012,,,29470428,144,Very slow
Venezuela,2013,,,29838022,144,Very slow
Venezuela,2014,,,30193260,144,Very slow
Venezuela,2015,,,30529722,186,Very slow
Venezuela,2016,,,30741464,230,Very slow
Venezuela,2017,,,30563430,230,Very slow
Venezuela,2018,,,29825652,230,Very slow
Venezuela,2019,,,28971686,230,Very slow
Eritrea,2017,,,3396933,84,Slow
Eritrea,2018,,,3445380,84,Slow
Eritrea,2019,,,3498819,84,Slow
Eswatini,2010,,7459.22802734375,1099926,56,Slow
Eswatini,2011,,7575.7158203125,1105379,56,Slow
Eswatini,2012,,7930.869140625,1111453,56,Slow
Fiji,2012,,10919.4755859375,911067,58,Slow
Fiji,2013,,11429.3330078125,913467,58,Slow
Fiji,2014,,12058.005859375,915576,58,Slow
Fiji,2015,,12569.064453125,917209,58,Slow
Gabon,2010,,14415.4462890625,1711117,54,Slow
Gabon,2011,,14883.494140625,1772508,54,Slow
Gabon,2012,,15082.65625,1836711,54,Slow
Haiti,2013,,3057.91552734375,10261205,97,Slow
Haiti,2014,,3066.85034179688,10412741,97,Slow
Haiti,2015,,3102.34497070313,10563762,97,Slow
Haiti,2016,,3116.48803710938,10713845,97,Slow
Haiti,2017,,3153.29931640625,10863546,97,Slow
World,2019,,16897.171875,7764951040,19.5973815917969,none
Haiti,2018,,3165.30493164063,11012427,97,Slow
Haiti,2019,,3073.3291015625,11160441,97,Slow
Indonesia,2013,35.06,9457.0185546875,253275920,77,Slow
Indonesia,2014,27.36,9801.166015625,256229760,53.9000015258789,Slow
Iran,2010,31.38,13805.7041015625,75373864,64.5,Slow
Vietnam,2015,22.26,6438.259765625,92191400,20,Fast
Zambia,2010,67.07,3125.52880859375,13792095,19,""
Zambia,2011,,3201.2880859375,14265824,19,""
United Kingdom,2010,5.1,42147.765625,62760048,11.5,""
United Kingdom,2011,8.85,42429.2109375,63286360,11.5,""
United Kingdom,2012,9.52,42754.5390625,63808728,11.5,""
United Kingdom,2013,7.19,43271.828125,64302296,11.5,""
United Kingdom,2014,6.88,44239.15234375,64773504,6,""
United Kingdom,2015,8.16,45041.05859375,65224368,4.5,""
United Kingdom,2016,9.14,45712.78515625,65655204,4.5,""
United Kingdom,2017,7.27,46372.38671875,66064808,4.5,""
United Kingdom,2018,,46853.19921875,66432996,4.5,""
United Kingdom,2019,,47368.5859375,66778660,4.5,""
United States,2013,12.18,56214.4296875,319375168,6.19999980926514,""
United States,2014,12.08,57213.26953125,322033952,5.59999990463257,""
United States,2015,12.35,58540.296875,324607776,5.59999990463257,""
United States,2016,11.73,59112.2421875,327210208,5.59999990463257,""
United States,2017,14.54,60109.65625,329791232,5.59999990463257,""
United States,2018,,61585.7578125,332140032,5.59999990463257,""
United States,2019,,62630.875,334319680,4.19999980926514,""
Upper middle income,2019,,17393.345703125,,18.6882362365723,""
Uruguay,2011,38.22,20231.572265625,3361631,6.5,""
Uruguay,2012,19.9,20885.10546875,3371134,6.5,""
Uruguay,2013,25.3,21786.212890625,3381187,6.5,""
Uruguay,2014,24.82,22419.04296875,3391660,6.5,""
Uruguay,2015,25.44,22425.830078125,3402820,6.5,""
Uruguay,2016,25.48,22724.021484375,3413768,6.5,""
Uruguay,2017,27.38,23009.875,3422205,6.5,""
Uruguay,2018,,23035.083984375,3427044,6.5,""
Bosnia and Herzegovina,2010,16.76,10938.2890625,3811093,109,Very slow
Brunei,2010,,67753.421875,396064,108.5,Very slow
Brunei,2011,,69388.8125,401515,104.5,Very slow
Brunei,2012,,69090.34375,406637,104.5,Very slow
Brunei,2013,,66715.6953125,411704,104.5,Very slow
Brunei,2014,,64190.82421875,416670,104.5,Very slow
Cambodia,2010,,2716.69970703125,14363534,102,Very slow
Cambodia,2011,,2862.90795898438,14573894,102,Very slow
Cambodia,2012,,3022.5966796875,14786650,102,Very slow
Cambodia,2013,,3191.86181640625,14999691,101,Very slow
Cambodia,2014,,3364.27807617188,15210817,101,Very slow
Congo,2010,,5169.16748046875,4437883,158.5,Very slow
Congo,2011,,5137.61181640625,4584223,158.5,Very slow
Eritrea,2010,,,3147733,84,Slow
Yemen,2012,,,26223390,40.5,Fast
Barbados,2017,,15789.041015625,279199,16,""
South Asia,2013,,4602.91552734375,,18.875,""
Trinidad and Tobago,2015,,29053.333984375,1460180,11.5,""
Trinidad and Tobago,2016,,27281.857421875,1469334,10.5,""
Uzbekistan,2013,,5781.15673828125,29963220,7.5,""
Uzbekistan,2014,,6075.1923828125,30446542,7.5,""
Uzbekistan,2015,,6401.115234375,30949416,5.5,""
Uzbekistan,2016,,6663.94970703125,31453576,5.5,""
Uzbekistan,2017,,6840.7099609375,31945680,5,""
Uzbekistan,2018,,7082.92529296875,32449578,3,""
Uzbekistan,2019,,7348.14697265625,32976946,3,""
Vanuatu,2016,,2973.46752929688,283239,18,""
Vanuatu,2017,,3081.83520507813,290250,18,""
Vanuatu,2018,,3093.46142578125,297307,18,""
Vanuatu,2019,,3137.24096679688,304414,18,""
Vietnam,2018,,7585.943359375,94914328,17,""
Vietnam,2019,,8041.17822265625,95776712,16,""
Yemen,2010,,,24743944,12.5,""
Yemen,2011,,,25475608,12.5,""
Zambia,2012,55.29,3339.27001953125,14744662,18.5,""
Zambia,2013,44.45,3399.70239257813,15234976,8.5,""
Zambia,2014,,3450.03759765625,15737796,8.5,""
Zambia,2015,,3443.55322265625,16248231,8.5,""
Zambia,2016,,3467.88745117188,16767758,8.5,""
Zambia,2017,,3485.02172851563,17298056,8.5,""
Zambia,2018,,3521.5458984375,17835898,8.5,""
Zambia,2019,,3470.435546875,18380478,8.5,""
